{"stats":{"minecraft:used":{"minecraft:cooked_mutton":2,"minecraft:stone_sword":213,"minecraft:stone_pickaxe":115,"minecraft:spruce_planks":4,"minecraft:wooden_pickaxe":3,"minecraft:blue_bed":12,"minecraft:dirt":13,"minecraft:spruce_boat":1,"variantvanillablocks:spruce_crafting_table":4,"minecraft:bread":16,"minecraft:stone_axe":6,"minecraft:cobblestone":19,"minecraft:cooked_porkchop":7,"minecraft:cooked_beef":4},"minecraft:crafted":{"variantvanillablocks:spruce_crafting_table":2,"minecraft:spruce_planks":108,"minecraft:wooden_pickaxe":1,"minecraft:stone_axe":1,"minecraft:stick":8,"minecraft:iron_pickaxe":1,"minecraft:stone_pickaxe":1,"minecraft:stone_sword":2,"minecraft:spruce_boat":1},"minecraft:dropped":{"minecraft:sweet_berries":1,"minecraft:wheat_seeds":6,"minecraft:birch_sapling":1,"minecraft:feather":2,"minecraft:rotten_flesh":4,"minecraft:light_gray_wool":2,"minecraft:warped_roots":1,"minecraft:birch_slab":1,"minecraft:cornflower":24,"minecraft:azalea":1},"minecraft:killed_by":{"minecraft:player":1,"undead_revamp2:thesmoker":1},"minecraft:killed":{"minecraft:pig":15,"undead_revamp2:thehunter":1,"minecraft:skeleton":1,"minecraft:sheep":10,"minecraft:zombie":1,"minecraft:chicken":5,"undead_revamp2:sucker":1,"minecraft:cow":41},"minecraft:broken":{"minecraft:stone_sword":1},"minecraft:picked_up":{"minecraft:pink_petals":8,"minecraft:iron_chestplate":6,"minecraft:feather":7,"minecraft:cooked_beef":5,"minecraft:chicken":14,"minecraft:birch_slab":2,"minecraft:leather":45,"minecraft:wooden_pickaxe":1,"minecraft:cornflower":32,"minecraft:lapis_lazuli":1,"minecraft:dirt":17,"minecraft:blue_bed":14,"variantvanillablocks:spruce_crafting_table":4,"minecraft:cooked_mutton":2,"minecraft:bone":7,"minecraft:wheat_seeds":22,"minecraft:spruce_planks":14,"minecraft:beef":108,"minecraft:iron_ingot":13,"minecraft:stone_pickaxe":2,"minecraft:azalea":1,"minecraft:iron_nugget":32,"minecraft:light_gray_wool":6,"minecraft:birch_sapling":3,"minecraft:book":4,"minecraft:stick":5,"minecraft:raw_iron":88,"minecraft:cooked_porkchop":8,"minecraft:sweet_berries":45,"travelersbackpack:iron_tier_upgrade":1,"minecraft:porkchop":54,"minecraft:sand":12,"minecraft:spruce_log":51,"minecraft:spider_eye":1,"minecraft:stone_sword":1,"minecraft:rotten_flesh":11,"minecraft:diamond":1,"minecraft:stone_axe":1,"minecraft:hay_block":13,"minecraft:iron_helmet":5,"crittersandcompanions:silk":14,"minecraft:emerald":13,"minecraft:bread":15,"minecraft:warped_roots":1,"minecraft:black_wool":5,"minecraft:mutton":29,"minecraft:coal":50,"minecraft:white_wool":14,"minecraft:cobblestone":66},"minecraft:mined":{"minecraft:yellow_terracotta":3,"minecraft:powder_snow":22,"minecraft:oak_fence":1,"minecraft:light_gray_terracotta":4,"minecraft:grass_block":4,"minecraft:decorated_pot":1,"minecraft:tall_grass":10,"minecraft:cobblestone":1,"minecraft:birch_slab":1,"minecraft:spruce_leaves":4,"minecraft:blue_bed":13,"minecraft:pink_petals":1,"minecraft:hay_block":13,"minecraft:iron_ore":48,"minecraft:sweet_berry_bush":2,"minecraft:spruce_log":6,"minecraft:birch_leaves":3,"minecraft:grass":32,"minecraft:coal_ore":16,"minecraft:deepslate_iron_ore":2,"variantvanillablocks:spruce_crafting_table":3,"crittersandcompanions:silk_cocoon":2,"minecraft:sand":12,"minecraft:dirt":9,"minecraft:cobweb":1,"minecraft:azalea_leaves":3,"minecraft:stone":39,"minecraft:fern":1},"minecraft:custom":{"minecraft:mob_kills":75,"minecraft:animals_bred":1,"minecraft:interact_with_crafting_table":6,"minecraft:interact_with_campfire":14,"minecraft:damage_dealt_resisted":124,"minecraft:leave_game":7,"minecraft:time_since_death":50730,"minecraft:sleep_in_bed":8,"minecraft:climb_one_cm":1246,"minecraft:time_since_rest":5824,"minecraft:sprint_one_cm":470380,"minecraft:damage_taken":1650,"minecraft:walk_one_cm":190049,"minecraft:drop":17,"minecraft:damage_dealt":7183,"minecraft:swim_one_cm":33924,"minecraft:fly_one_cm":785629,"minecraft:open_chest":13,"minecraft:crouch_one_cm":6643,"minecraft:play_time":99817,"minecraft:deaths":2,"minecraft:sneak_time":2180,"minecraft:walk_under_water_one_cm":3212,"minecraft:boat_one_cm":90135,"minecraft:jump":3300,"minecraft:walk_on_water_one_cm":6323,"minecraft:total_world_time":99817,"minecraft:fall_one_cm":122018}},"DataVersion":3465}