{"stats":{"minecraft:used":{"minecraft:cooked_mutton":2,"minecraft:stone_sword":178,"minecraft:stone_pickaxe":102,"minecraft:wooden_pickaxe":3,"minecraft:blue_bed":10,"minecraft:dirt":11,"variantvanillablocks:spruce_crafting_table":2,"minecraft:bread":11,"minecraft:stone_axe":4,"minecraft:cobblestone":19,"minecraft:cooked_porkchop":2,"minecraft:cooked_beef":4},"minecraft:crafted":{"variantvanillablocks:spruce_crafting_table":2,"minecraft:spruce_planks":20,"minecraft:wooden_pickaxe":1,"minecraft:stone_axe":1,"minecraft:stick":8,"minecraft:stone_pickaxe":1,"minecraft:stone_sword":2},"minecraft:dropped":{"minecraft:sweet_berries":1,"minecraft:wheat_seeds":6,"minecraft:birch_sapling":1,"minecraft:rotten_flesh":4,"minecraft:light_gray_wool":2,"minecraft:warped_roots":1,"minecraft:cornflower":24},"minecraft:killed_by":{"minecraft:player":1,"undead_revamp2:thesmoker":1},"minecraft:killed":{"minecraft:pig":12,"undead_revamp2:thehunter":1,"minecraft:sheep":10,"minecraft:zombie":1,"minecraft:chicken":5,"undead_revamp2:sucker":1,"minecraft:cow":31},"minecraft:picked_up":{"minecraft:pink_petals":8,"minecraft:iron_chestplate":6,"minecraft:feather":7,"minecraft:cooked_beef":5,"minecraft:chicken":14,"minecraft:birch_slab":2,"minecraft:leather":37,"minecraft:wooden_pickaxe":1,"minecraft:cornflower":32,"minecraft:lapis_lazuli":1,"minecraft:blue_bed":12,"minecraft:dirt":17,"variantvanillablocks:spruce_crafting_table":2,"minecraft:cooked_mutton":2,"minecraft:bone":6,"minecraft:wheat_seeds":22,"minecraft:spruce_planks":14,"minecraft:stone_pickaxe":2,"minecraft:beef":104,"minecraft:iron_ingot":13,"minecraft:iron_nugget":32,"minecraft:light_gray_wool":6,"minecraft:birch_sapling":3,"minecraft:book":4,"minecraft:stick":5,"minecraft:raw_iron":79,"minecraft:cooked_porkchop":8,"minecraft:sweet_berries":45,"travelersbackpack:iron_tier_upgrade":1,"minecraft:porkchop":51,"minecraft:spruce_log":51,"minecraft:spider_eye":1,"minecraft:stone_sword":1,"minecraft:rotten_flesh":11,"minecraft:diamond":1,"minecraft:stone_axe":1,"minecraft:hay_block":13,"crittersandcompanions:silk":14,"minecraft:iron_helmet":4,"minecraft:emerald":13,"minecraft:bread":15,"minecraft:warped_roots":1,"minecraft:black_wool":5,"minecraft:mutton":29,"minecraft:coal":50,"minecraft:white_wool":14,"minecraft:cobblestone":64},"minecraft:mined":{"minecraft:yellow_terracotta":3,"minecraft:powder_snow":22,"minecraft:oak_fence":1,"minecraft:light_gray_terracotta":4,"minecraft:grass_block":4,"minecraft:tall_grass":10,"minecraft:cobblestone":1,"minecraft:birch_slab":1,"minecraft:spruce_leaves":4,"minecraft:blue_bed":11,"minecraft:pink_petals":1,"minecraft:hay_block":13,"minecraft:iron_ore":39,"minecraft:sweet_berry_bush":2,"minecraft:spruce_log":6,"minecraft:birch_leaves":3,"minecraft:grass":30,"minecraft:coal_ore":16,"minecraft:deepslate_iron_ore":2,"crittersandcompanions:silk_cocoon":2,"variantvanillablocks:spruce_crafting_table":1,"minecraft:dirt":9,"minecraft:cobweb":1,"minecraft:stone":37,"minecraft:fern":1},"minecraft:custom":{"minecraft:mob_kills":61,"minecraft:animals_bred":1,"minecraft:interact_with_crafting_table":4,"minecraft:interact_with_campfire":14,"minecraft:damage_dealt_resisted":124,"minecraft:leave_game":5,"minecraft:time_since_death":21537,"minecraft:sleep_in_bed":6,"minecraft:climb_one_cm":1246,"minecraft:time_since_rest":3377,"minecraft:sprint_one_cm":325018,"minecraft:damage_taken":1190,"minecraft:walk_one_cm":161497,"minecraft:drop":14,"minecraft:damage_dealt":5793,"minecraft:swim_one_cm":15971,"minecraft:fly_one_cm":476151,"minecraft:open_chest":12,"minecraft:crouch_one_cm":5685,"minecraft:play_time":70624,"minecraft:deaths":2,"minecraft:sneak_time":1908,"minecraft:walk_under_water_one_cm":2762,"minecraft:jump":2254,"minecraft:walk_on_water_one_cm":4491,"minecraft:total_world_time":70624,"minecraft:fall_one_cm":79847}},"DataVersion":3465}