{"stats":{"minecraft:killed":{"minecraft:sheep":1,"minecraft:zombie":1,"minecraft:cow":1},"minecraft:crafted":{"variantvanillablocks:spruce_crafting_table":1,"minecraft:spruce_planks":20,"minecraft:stick":8,"minecraft:wooden_pickaxe":1,"minecraft:stone_pickaxe":1,"minecraft:stone_sword":1},"minecraft:mined":{"minecraft:iron_ore":4,"minecraft:sweet_berry_bush":2,"minecraft:spruce_log":6,"minecraft:birch_leaves":3,"minecraft:powder_snow":22,"minecraft:grass_block":4,"minecraft:coal_ore":13,"minecraft:dirt":9,"minecraft:spruce_leaves":4,"minecraft:stone":24,"minecraft:blue_bed":3},"minecraft:picked_up":{"minecraft:raw_iron":3,"minecraft:iron_chestplate":2,"minecraft:cooked_beef":4,"minecraft:sweet_berries":9,"minecraft:leather":1,"minecraft:spruce_log":7,"minecraft:cornflower":28,"minecraft:blue_bed":3,"minecraft:dirt":13,"minecraft:cooked_mutton":2,"minecraft:rotten_flesh":2,"minecraft:wheat_seeds":12,"minecraft:iron_helmet":1,"minecraft:beef":5,"minecraft:warped_roots":1,"minecraft:light_gray_wool":1,"minecraft:mutton":2,"minecraft:birch_sapling":1,"minecraft:coal":13,"minecraft:cobblestone":23},"minecraft:dropped":{"minecraft:sweet_berries":1,"minecraft:wheat_seeds":6,"minecraft:cornflower":24,"minecraft:warped_roots":1},"minecraft:used":{"minecraft:cooked_mutton":2,"variantvanillablocks:spruce_crafting_table":1,"minecraft:stone_sword":14,"minecraft:stone_pickaxe":40,"minecraft:wooden_pickaxe":3,"minecraft:blue_bed":2,"minecraft:dirt":11,"minecraft:cobblestone":6,"minecraft:cooked_beef":1},"minecraft:custom":{"minecraft:time_since_rest":4868,"minecraft:sprint_one_cm":57579,"minecraft:damage_taken":345,"minecraft:walk_one_cm":54716,"minecraft:mob_kills":3,"minecraft:drop":11,"minecraft:damage_dealt":430,"minecraft:interact_with_crafting_table":3,"minecraft:fly_one_cm":36162,"minecraft:open_chest":1,"minecraft:crouch_one_cm":3621,"minecraft:play_time":16680,"minecraft:interact_with_campfire":6,"minecraft:sneak_time":1075,"minecraft:jump":307,"minecraft:walk_on_water_one_cm":1104,"minecraft:time_since_death":16680,"minecraft:sleep_in_bed":1,"minecraft:total_world_time":16680,"minecraft:fall_one_cm":8095}},"DataVersion":3465}