{"stats":{"minecraft:killed":{"minecraft:sheep":5,"minecraft:zombie":1,"minecraft:pig":5,"undead_revamp2:thehunter":1,"minecraft:chicken":4,"minecraft:cow":5},"minecraft:crafted":{"variantvanillablocks:spruce_crafting_table":1,"minecraft:spruce_planks":20,"minecraft:stick":8,"minecraft:wooden_pickaxe":1,"minecraft:stone_pickaxe":1,"minecraft:stone_sword":1},"minecraft:picked_up":{"minecraft:pink_petals":4,"minecraft:iron_chestplate":3,"minecraft:raw_iron":10,"minecraft:feather":3,"minecraft:cooked_beef":4,"minecraft:chicken":4,"minecraft:sweet_berries":9,"minecraft:leather":4,"minecraft:porkchop":8,"minecraft:spruce_log":7,"minecraft:cornflower":28,"minecraft:blue_bed":4,"minecraft:dirt":13,"minecraft:cooked_mutton":2,"minecraft:rotten_flesh":3,"minecraft:wheat_seeds":14,"minecraft:iron_helmet":1,"minecraft:beef":14,"minecraft:warped_roots":1,"minecraft:light_gray_wool":2,"minecraft:black_wool":1,"minecraft:birch_sapling":1,"minecraft:mutton":7,"minecraft:coal":16,"minecraft:white_wool":2,"minecraft:cobblestone":23},"minecraft:mined":{"minecraft:pink_petals":1,"minecraft:iron_ore":11,"minecraft:sweet_berry_bush":2,"minecraft:spruce_log":6,"minecraft:birch_leaves":3,"minecraft:powder_snow":22,"minecraft:grass":5,"minecraft:grass_block":4,"minecraft:coal_ore":16,"minecraft:dirt":9,"minecraft:tall_grass":4,"minecraft:spruce_leaves":4,"minecraft:stone":24,"minecraft:blue_bed":4},"minecraft:dropped":{"minecraft:sweet_berries":1,"minecraft:wheat_seeds":6,"minecraft:cornflower":24,"minecraft:warped_roots":1},"minecraft:used":{"minecraft:cooked_mutton":2,"variantvanillablocks:spruce_crafting_table":1,"minecraft:stone_sword":60,"minecraft:stone_pickaxe":50,"minecraft:wooden_pickaxe":3,"minecraft:blue_bed":3,"minecraft:dirt":11,"minecraft:cobblestone":6,"minecraft:cooked_beef":3},"minecraft:killed_by":{"undead_revamp2:thesmoker":1},"minecraft:custom":{"minecraft:time_since_rest":471,"minecraft:damage_taken":540,"minecraft:sprint_one_cm":109665,"minecraft:walk_one_cm":72105,"minecraft:mob_kills":21,"minecraft:drop":11,"minecraft:damage_dealt":1870,"minecraft:interact_with_crafting_table":3,"minecraft:fly_one_cm":109672,"minecraft:open_chest":5,"minecraft:crouch_one_cm":3792,"minecraft:play_time":26952,"minecraft:deaths":1,"minecraft:interact_with_campfire":6,"minecraft:sneak_time":1218,"minecraft:jump":622,"minecraft:leave_game":2,"minecraft:time_since_death":0,"minecraft:walk_on_water_one_cm":1104,"minecraft:sleep_in_bed":2,"minecraft:total_world_time":26952,"minecraft:fall_one_cm":21654}},"DataVersion":3465}