{"stats":{"minecraft:killed_by":{"undead_revamp2:sucker":1,"minecraft:player":1,"undead_revamp2:the_moonflower":3,"undead_revamp2:thehunter":1,"minecraft:zombie":1,"undead_revamp2:thesmoker":1},"minecraft:dropped":{"minecraft:wheat_seeds":6,"minecraft:feather":2,"minecraft:cobblestone":1,"minecraft:warped_roots":1,"minecraft:apple":3,"minecraft:cracked_stone_bricks":3,"minecraft:birch_slab":1,"minecraft:mushroom_stew":1,"minecraft:cornflower":24,"minecraft:bone":4,"minecraft:kelp":2,"minecraft:sweet_berries":1,"minecraft:birch_sapling":1,"minecraft:rotten_flesh":7,"minecraft:light_gray_wool":2,"minecraft:spruce_planks":5,"minecraft:azalea":1,"minecraft:stone_bricks":1,"minecraft:stone_brick_stairs":1},"minecraft:mined":{"undead_revamp2:arapholia":1,"minecraft:yellow_terracotta":3,"minecraft:spruce_planks":14,"minecraft:cobblestone_stairs":6,"minecraft:grass_block":5,"minecraft:decorated_pot":1,"minecraft:birch_slab":1,"minecraft:spruce_leaves":4,"minecraft:hay_block":18,"minecraft:magma_block":2,"minecraft:furnace":1,"minecraft:iron_ore":52,"minecraft:cobbled_deepslate":1,"variantvanillablocks:spruce_chest":2,"minecraft:deepslate_iron_ore":2,"minecraft:iron_bars":2,"crittersandcompanions:silk_cocoon":2,"variantvanillablocks:spruce_crafting_table":5,"minecraft:azalea_leaves":3,"minecraft:stone":52,"minecraft:scaffolding":1,"travelersbackpack:standard":3,"minecraft:powder_snow":53,"minecraft:oak_fence":1,"minecraft:torch":2,"minecraft:light_gray_terracotta":4,"minecraft:campfire":2,"minecraft:andesite_wall":2,"minecraft:tall_grass":10,"minecraft:cobblestone":2,"minecraft:wall_torch":2,"minecraft:blue_bed":13,"minecraft:pink_petals":1,"minecraft:spruce_stairs":6,"minecraft:mossy_stone_brick_wall":3,"minecraft:birch_log":6,"minecraft:sweet_berry_bush":2,"minecraft:spruce_log":6,"minecraft:birch_leaves":13,"minecraft:stone_brick_stairs":1,"minecraft:grass":35,"minecraft:oak_log":1,"minecraft:coal_ore":32,"minecraft:sand":12,"minecraft:dirt":14,"minecraft:cobweb":1,"minecraft:cracked_stone_bricks":2,"minecraft:stone_bricks":8,"minecraft:oak_leaves":20,"minecraft:deepslate":2,"minecraft:iron_trapdoor":2,"minecraft:fern":1},"minecraft:used":{"minecraft:iron_bars":1,"minecraft:stone_sword":294,"minecraft:stone_shovel":36,"minecraft:spruce_planks":12,"minecraft:torch":4,"minecraft:dirt":18,"minecraft:spruce_stairs":2,"minecraft:carrot":3,"minecraft:spruce_boat":2,"variantvanillablocks:spruce_crafting_table":6,"minecraft:scaffolding":1,"minecraft:furnace":2,"minecraft:cooked_beef":12,"minecraft:cobbled_deepslate":3,"minecraft:mossy_stone_brick_wall":2,"minecraft:cooked_mutton":2,"minecraft:cobblestone_stairs":6,"minecraft:stone_pickaxe":188,"minecraft:wooden_pickaxe":3,"minecraft:blue_bed":13,"minecraft:oak_log":1,"minecraft:bread":39,"minecraft:stone_axe":50,"minecraft:cobblestone":25,"travelersbackpack:standard":3,"variantvanillablocks:spruce_chest":4,"minecraft:cooked_porkchop":8},"minecraft:crafted":{"minecraft:furnace":1,"variantvanillablocks:spruce_chest":3,"minecraft:glass":12,"travelersbackpack:white_sleeping_bag":1,"minecraft:stone_pickaxe":2,"minecraft:spruce_boat":2,"minecraft:wheat":162,"minecraft:cooked_beef":64,"variantvanillablocks:spruce_crafting_table":2,"minecraft:spruce_planks":108,"travelersbackpack:standard":1,"travelersbackpack:backpack_tank":2,"minecraft:wooden_pickaxe":1,"minecraft:stone_axe":1,"minecraft:bread":54,"minecraft:air":0,"minecraft:stick":12,"minecraft:iron_ingot":37,"minecraft:iron_pickaxe":1,"minecraft:stone_sword":3},"minecraft:killed":{"undead_revamp2:thewolf":1,"undead_revamp2:thehunter":2,"minecraft:skeleton":3,"minecraft:chicken":5,"undead_revamp2:thebidy":2,"undead_revamp2:sucker":1,"minecraft:pig":15,"undead_revamp2:the_moonflower":2,"minecraft:sheep":10,"minecraft:pillager":2,"minecraft:zombie":8,"minecraft:cow":41},"minecraft:custom":{"minecraft:mob_kills":92,"minecraft:animals_bred":1,"minecraft:interact_with_crafting_table":22,"minecraft:open_barrel":2,"minecraft:interact_with_campfire":14,"minecraft:damage_dealt_resisted":184,"minecraft:eat_cake_slice":5,"minecraft:leave_game":10,"minecraft:time_since_death":4556,"minecraft:climb_one_cm":1246,"minecraft:sprint_one_cm":619531,"minecraft:walk_one_cm":339236,"minecraft:drop":32,"minecraft:play_time":181133,"minecraft:deaths":8,"minecraft:sneak_time":5010,"minecraft:walk_under_water_one_cm":3992,"minecraft:boat_one_cm":147195,"minecraft:jump":4240,"minecraft:walk_on_water_one_cm":7264,"minecraft:total_world_time":181133,"minecraft:interact_with_furnace":19,"minecraft:sleep_in_bed":10,"minecraft:time_since_rest":4591,"minecraft:damage_taken":5414,"minecraft:damage_dealt":10648,"minecraft:swim_one_cm":38502,"minecraft:fly_one_cm":977863,"minecraft:open_chest":47,"minecraft:crouch_one_cm":12741,"minecraft:fall_one_cm":147831,"minecraft:horse_one_cm":2239},"minecraft:broken":{"minecraft:stone_sword":1,"minecraft:stone_pickaxe":1},"minecraft:picked_up":{"minecraft:charcoal":4,"minecraft:iron_chestplate":6,"minecraft:iron_trapdoor":2,"minecraft:chicken":44,"minecraft:wooden_pickaxe":1,"minecraft:stone_brick_stairs":1,"minecraft:cornflower":32,"minecraft:string":6,"variantvanillablocks:spruce_crafting_table":12,"minecraft:cracked_stone_bricks":4,"minecraft:cobbled_deepslate":4,"minecraft:spruce_planks":362,"minecraft:beef":108,"minecraft:azalea":1,"minecraft:iron_nugget":361,"minecraft:light_gray_wool":6,"minecraft:birch_sapling":5,"minecraft:furnace":1,"minecraft:stick":11,"minecraft:raw_iron":137,"minecraft:torch":4,"minecraft:spruce_stairs":33,"travelersbackpack:iron_tier_upgrade":7,"minecraft:porkchop":71,"minecraft:carrot":5,"minecraft:andesite_wall":1,"minecraft:stone_shovel":2,"minecraft:stone_sword":9,"minecraft:arrow":9,"minecraft:rotten_flesh":54,"crittersandcompanions:silk":14,"variantvanillablocks:spruce_chest":2,"minecraft:hay_block":18,"minecraft:mutton":29,"minecraft:iron_bars":6,"minecraft:white_wool":15,"minecraft:cobblestone":118,"minecraft:birch_log":6,"minecraft:pink_petals":8,"minecraft:magma_block":2,"minecraft:feather":7,"minecraft:cooked_beef":63,"minecraft:birch_slab":2,"minecraft:leather":45,"minecraft:oak_log":1,"minecraft:chainmail_chestplate":2,"undead_revamp2:huntereye":5,"minecraft:cobblestone_stairs":6,"minecraft:lapis_lazuli":7,"minecraft:blue_bed":14,"minecraft:dirt":24,"minecraft:cooked_mutton":2,"minecraft:bone":19,"minecraft:stone_bricks":3,"minecraft:kelp":2,"minecraft:wheat_seeds":22,"minecraft:stone_pickaxe":8,"minecraft:iron_ingot":355,"minecraft:mossy_stone_brick_wall":3,"minecraft:book":18,"minecraft:scaffolding":1,"minecraft:cooked_porkchop":8,"minecraft:sweet_berries":45,"minecraft:sand":12,"minecraft:spruce_log":51,"minecraft:spider_eye":1,"minecraft:leather_helmet":1,"travelersbackpack:standard":4,"minecraft:diamond":26,"minecraft:stone_axe":7,"minecraft:iron_helmet":5,"minecraft:emerald":73,"minecraft:bread":253,"minecraft:warped_roots":1,"minecraft:oak_sapling":3,"minecraft:black_wool":5,"minecraft:coal":100}},"DataVersion":3465}