{"stats":{"minecraft:killed_by":{"undead_revamp2:sucker":1,"minecraft:player":1,"undead_revamp2:the_moonflower":3,"minecraft:pillager":8,"undead_revamp2:thehunter":1,"minecraft:zombie":3,"undead_revamp2:thesmoker":1},"minecraft:dropped":{"minecraft:wheat_seeds":13,"minecraft:feather":6,"minecraft:cobblestone":1,"minecraft:andesite_wall":1,"minecraft:warped_roots":1,"minecraft:apple":3,"minecraft:cracked_stone_bricks":3,"minecraft:birch_slab":1,"minecraft:mushroom_stew":1,"minecraft:cobblestone_stairs":1,"minecraft:cornflower":24,"minecraft:dark_oak_trapdoor":1,"minecraft:oak_stairs":5,"minecraft:string":4,"minecraft:spruce_sapling":2,"minecraft:bone":4,"minecraft:sweet_berries":1,"minecraft:kelp":2,"minecraft:cobbled_deepslate":1,"minecraft:birch_sapling":1,"undead_revamp2:arapholia":2,"minecraft:rotten_flesh":12,"minecraft:light_gray_wool":3,"minecraft:stone_slab":1,"minecraft:stone_stairs":2,"minecraft:spruce_planks":5,"minecraft:azalea":1,"minecraft:oak_sapling":3,"minecraft:stone_bricks":1,"minecraft:magma_block":2,"minecraft:stone_brick_stairs":1,"minecraft:egg":1},"minecraft:mined":{"undead_revamp2:arapholia":1,"minecraft:yellow_terracotta":3,"minecraft:tuff":2,"minecraft:spruce_planks":18,"minecraft:white_bed":2,"minecraft:mossy_cobblestone":1,"minecraft:oak_door":2,"minecraft:cobblestone_stairs":8,"minecraft:stone_brick_wall":3,"minecraft:grass_block":207,"minecraft:decorated_pot":1,"minecraft:spruce_leaves":7,"minecraft:birch_slab":1,"minecraft:composter":1,"minecraft:large_fern":2,"minecraft:hay_block":18,"minecraft:magma_block":2,"minecraft:oak_trapdoor":4,"minecraft:furnace":1,"minecraft:dark_oak_trapdoor":1,"minecraft:iron_ore":57,"minecraft:cobbled_deepslate":1,"minecraft:peony":1,"variantvanillablocks:spruce_chest":4,"minecraft:flowering_azalea_leaves":1,"minecraft:dirt_path":24,"minecraft:deepslate_iron_ore":2,"minecraft:oak_stairs":47,"minecraft:iron_bars":2,"variantvanillablocks:spruce_crafting_table":9,"crittersandcompanions:silk_cocoon":2,"minecraft:stripped_oak_log":1,"minecraft:azalea_leaves":13,"minecraft:stone":81,"minecraft:scaffolding":3,"minecraft:glass_pane":1,"minecraft:powder_snow":66,"travelersbackpack:standard":3,"minecraft:oak_fence":4,"minecraft:torch":3,"minecraft:light_gray_terracotta":4,"diagonalfences:minecraft/oak_fence":2,"minecraft:campfire":2,"minecraft:andesite_wall":3,"minecraft:stone_slab":1,"minecraft:tall_grass":33,"minecraft:cobblestone":34,"minecraft:oak_planks":108,"minecraft:blue_bed":14,"minecraft:wall_torch":2,"minecraft:pink_petals":1,"minecraft:spruce_stairs":7,"minecraft:stone_stairs":2,"minecraft:purple_bed":1,"minecraft:coarse_dirt":2,"minecraft:mossy_stone_brick_wall":3,"minecraft:birch_log":6,"minecraft:sweet_berry_bush":2,"minecraft:spruce_log":6,"minecraft:birch_leaves":16,"minecraft:stripped_oak_wood":4,"variantvanillablocks:oak_fletching_table":1,"minecraft:stone_brick_stairs":1,"minecraft:grass":87,"minecraft:coal_ore":32,"minecraft:oak_log":90,"minecraft:gravel":41,"minecraft:sand":71,"minecraft:dirt":299,"minecraft:cobweb":1,"minecraft:cracked_stone_bricks":2,"minecraft:stone_bricks":9,"minecraft:oak_leaves":26,"minecraft:iron_trapdoor":2,"minecraft:deepslate":6,"minecraft:fern":1},"minecraft:used":{"minecraft:stone_sword":513,"minecraft:iron_bars":1,"minecraft:stone_shovel":622,"minecraft:spruce_planks":38,"minecraft:torch":6,"minecraft:dirt":114,"minecraft:spruce_stairs":7,"minecraft:carrot":3,"variantvanillablocks:cherry_fletching_table":1,"minecraft:glass":51,"minecraft:andesite_wall":1,"minecraft:spruce_boat":2,"variantvanillablocks:spruce_crafting_table":13,"minecraft:oak_stairs":14,"variantvanillablocks:spruce_fletching_table":1,"minecraft:stone_bricks":1,"minecraft:scaffolding":1,"minecraft:furnace":2,"minecraft:cooked_beef":48,"minecraft:cobbled_deepslate":5,"minecraft:mossy_stone_brick_wall":2,"minecraft:cooked_mutton":2,"minecraft:cobblestone_stairs":6,"variantvanillablocks:oak_fletching_table":2,"minecraft:stone_pickaxe":274,"minecraft:oak_planks":80,"minecraft:blue_bed":14,"minecraft:wooden_pickaxe":3,"minecraft:composter":1,"minecraft:white_bed":2,"minecraft:stone_brick_wall":2,"minecraft:oak_log":1,"minecraft:cornflower":1,"minecraft:bread":39,"minecraft:gravel":25,"minecraft:stone_axe":391,"travelersbackpack:standard":5,"minecraft:purple_bed":1,"minecraft:cobblestone":58,"variantvanillablocks:spruce_chest":4,"minecraft:stripped_oak_wood":2,"minecraft:cooked_porkchop":8,"minecraft:coarse_dirt":1,"minecraft:oak_fence":2},"minecraft:crafted":{"minecraft:cherry_planks":68,"minecraft:oak_planks":356,"minecraft:stone_shovel":5,"variantvanillablocks:cherry_fletching_table":1,"minecraft:leather_leggings":1,"minecraft:leather_boots":1,"minecraft:furnace":1,"minecraft:stone":23,"variantvanillablocks:oak_fletching_table":1,"variantvanillablocks:spruce_chest":3,"minecraft:glass":63,"travelersbackpack:white_sleeping_bag":1,"minecraft:stone_pickaxe":3,"minecraft:spruce_boat":2,"minecraft:wheat":162,"minecraft:cooked_beef":64,"minecraft:emerald":27,"variantvanillablocks:spruce_crafting_table":3,"minecraft:spruce_planks":108,"travelersbackpack:backpack_tank":2,"travelersbackpack:standard":1,"minecraft:wooden_pickaxe":1,"minecraft:iron_sword":1,"minecraft:stone_axe":5,"variantvanillablocks:spruce_fletching_table":1,"minecraft:bread":54,"minecraft:air":0,"minecraft:stick":896,"minecraft:iron_ingot":37,"minecraft:iron_pickaxe":1,"minecraft:stone_sword":4,"minecraft:torch":4},"minecraft:killed":{"undead_revamp2:thewolf":1,"undead_revamp2:thehunter":6,"minecraft:spider":1,"minecraft:skeleton":5,"minecraft:chicken":6,"undead_revamp2:thebidy":2,"undead_revamp2:sucker":5,"minecraft:pig":15,"minecraft:zombie_villager":1,"undead_revamp2:the_moonflower":6,"minecraft:creeper":1,"minecraft:sheep":15,"minecraft:pillager":23,"undead_revamp2:thesomnolence":1,"minecraft:goat":1,"minecraft:zombie":22,"minecraft:cow":46},"minecraft:custom":{"minecraft:mob_kills":160,"minecraft:animals_bred":1,"minecraft:interact_with_crafting_table":45,"minecraft:open_barrel":3,"minecraft:interact_with_campfire":14,"minecraft:damage_dealt_resisted":295,"minecraft:eat_cake_slice":5,"minecraft:leave_game":13,"minecraft:time_since_death":55177,"minecraft:climb_one_cm":1452,"minecraft:sprint_one_cm":878026,"minecraft:walk_one_cm":698681,"minecraft:drop":60,"minecraft:damage_dealt_absorbed":49,"minecraft:talked_to_villager":16,"minecraft:play_time":296641,"minecraft:sneak_time":16505,"minecraft:deaths":18,"minecraft:walk_under_water_one_cm":4331,"minecraft:boat_one_cm":147195,"minecraft:jump":6408,"minecraft:walk_on_water_one_cm":18438,"minecraft:total_world_time":296641,"minecraft:interact_with_furnace":28,"minecraft:traded_with_villager":27,"minecraft:sleep_in_bed":15,"minecraft:time_since_rest":3478,"minecraft:damage_taken":11066,"minecraft:damage_dealt":21936,"minecraft:swim_one_cm":47943,"minecraft:fly_one_cm":1439677,"minecraft:open_chest":74,"minecraft:crouch_one_cm":42578,"minecraft:fall_one_cm":204228,"minecraft:horse_one_cm":2239},"minecraft:broken":{"minecraft:leather_helmet":1,"minecraft:stone_sword":3,"minecraft:leather_chestplate":2,"minecraft:stone_pickaxe":2,"minecraft:stone_axe":3,"minecraft:stone_shovel":5},"minecraft:picked_up":{"minecraft:charcoal":4,"minecraft:iron_chestplate":6,"minecraft:coarse_dirt":3,"minecraft:chicken":45,"minecraft:iron_trapdoor":2,"minecraft:leather_leggings":2,"minecraft:lead":6,"minecraft:stone_slab":1,"minecraft:wooden_pickaxe":1,"minecraft:oak_stairs":45,"minecraft:stone_brick_wall":6,"minecraft:stone_brick_stairs":1,"minecraft:cornflower":33,"minecraft:oak_trapdoor":4,"minecraft:string":7,"minecraft:dark_oak_trapdoor":1,"minecraft:stone_stairs":2,"variantvanillablocks:spruce_crafting_table":17,"minecraft:cracked_stone_bricks":4,"minecraft:cobbled_deepslate":8,"minecraft:spruce_planks":579,"minecraft:beef":141,"minecraft:azalea":2,"minecraft:iron_nugget":361,"minecraft:poppy":2,"minecraft:light_gray_wool":8,"minecraft:birch_sapling":5,"minecraft:furnace":1,"minecraft:egg":1,"minecraft:raw_iron":160,"minecraft:stick":32,"variantvanillablocks:oak_fletching_table":1,"minecraft:oak_door":1,"minecraft:composter":1,"minecraft:oak_fence":5,"minecraft:torch":30,"travelersbackpack:iron_tier_upgrade":9,"minecraft:spruce_stairs":38,"minecraft:porkchop":71,"minecraft:carrot":5,"minecraft:andesite_wall":3,"minecraft:stone_sword":15,"minecraft:arrow":34,"minecraft:stone_shovel":9,"minecraft:rotten_flesh":107,"minecraft:hay_block":18,"variantvanillablocks:spruce_chest":4,"crittersandcompanions:silk":14,"minecraft:mutton":64,"minecraft:iron_bars":6,"undead_revamp2:arapholia":2,"minecraft:white_wool":17,"minecraft:cobblestone":234,"minecraft:birch_log":12,"minecraft:stripped_oak_log":3,"minecraft:pink_petals":8,"minecraft:magma_block":2,"minecraft:leather_chestplate":3,"minecraft:feather":11,"minecraft:cooked_beef":278,"minecraft:birch_slab":2,"minecraft:leather":89,"minecraft:brown_wool":2,"minecraft:flint":6,"minecraft:tuff":10,"minecraft:oak_log":114,"minecraft:chainmail_chestplate":3,"undead_revamp2:huntereye":6,"minecraft:gunpowder":2,"minecraft:cobblestone_stairs":8,"minecraft:lapis_lazuli":8,"minecraft:blue_bed":15,"minecraft:dirt":576,"minecraft:white_banner":3,"minecraft:cooked_mutton":2,"minecraft:leather_boots":7,"minecraft:bone":38,"minecraft:stone_bricks":6,"minecraft:kelp":2,"minecraft:wheat_seeds":33,"minecraft:iron_ingot":463,"minecraft:stone_pickaxe":15,"minecraft:stripped_oak_wood":6,"minecraft:mossy_stone_brick_wall":3,"minecraft:iron_sword":3,"minecraft:oak_planks":122,"minecraft:book":18,"minecraft:scaffolding":1,"minecraft:cooked_porkchop":8,"minecraft:sweet_berries":45,"minecraft:gravel":31,"minecraft:sand":71,"minecraft:spruce_sapling":2,"minecraft:white_bed":2,"minecraft:spruce_log":51,"minecraft:spider_eye":1,"minecraft:mossy_cobblestone":1,"minecraft:leather_helmet":2,"travelersbackpack:standard":4,"minecraft:purple_bed":1,"minecraft:slime_ball":19,"minecraft:diamond":61,"minecraft:stone_axe":14,"minecraft:iron_helmet":5,"minecraft:crossbow":1,"minecraft:warped_roots":1,"minecraft:emerald":143,"minecraft:bread":253,"minecraft:oak_sapling":7,"minecraft:black_wool":5,"minecraft:coal":110}},"DataVersion":3465}