{"stats":{"minecraft:killed_by":{"undead_revamp2:sucker":1,"minecraft:player":1,"undead_revamp2:the_moonflower":3,"minecraft:pillager":7,"undead_revamp2:thehunter":1,"minecraft:zombie":3,"undead_revamp2:thesmoker":1},"minecraft:dropped":{"minecraft:wheat_seeds":8,"minecraft:feather":6,"minecraft:cobblestone":1,"minecraft:andesite_wall":1,"minecraft:warped_roots":1,"minecraft:apple":3,"minecraft:cracked_stone_bricks":3,"minecraft:birch_slab":1,"minecraft:mushroom_stew":1,"minecraft:cobblestone_stairs":1,"minecraft:cornflower":24,"minecraft:dark_oak_trapdoor":1,"minecraft:oak_stairs":5,"minecraft:spruce_sapling":2,"minecraft:bone":4,"minecraft:kelp":2,"minecraft:sweet_berries":1,"minecraft:cobbled_deepslate":1,"undead_revamp2:arapholia":2,"minecraft:birch_sapling":1,"minecraft:rotten_flesh":12,"minecraft:light_gray_wool":2,"minecraft:stone_slab":1,"minecraft:stone_stairs":2,"minecraft:spruce_planks":5,"minecraft:oak_sapling":2,"minecraft:azalea":1,"minecraft:stone_bricks":1,"minecraft:stone_brick_stairs":1},"minecraft:mined":{"undead_revamp2:arapholia":1,"minecraft:yellow_terracotta":3,"minecraft:tuff":2,"minecraft:spruce_planks":16,"minecraft:oak_door":1,"minecraft:cobblestone_stairs":7,"minecraft:stone_brick_wall":3,"minecraft:grass_block":33,"minecraft:decorated_pot":1,"minecraft:birch_slab":1,"minecraft:spruce_leaves":7,"minecraft:large_fern":2,"minecraft:hay_block":18,"minecraft:magma_block":2,"minecraft:furnace":1,"minecraft:dark_oak_trapdoor":1,"minecraft:iron_ore":57,"minecraft:cobbled_deepslate":1,"minecraft:peony":1,"variantvanillablocks:spruce_chest":2,"minecraft:dirt_path":3,"minecraft:deepslate_iron_ore":2,"minecraft:oak_stairs":7,"minecraft:iron_bars":2,"crittersandcompanions:silk_cocoon":2,"variantvanillablocks:spruce_crafting_table":8,"minecraft:stripped_oak_log":1,"minecraft:azalea_leaves":3,"minecraft:stone":81,"minecraft:scaffolding":3,"travelersbackpack:standard":3,"minecraft:powder_snow":66,"minecraft:oak_fence":1,"minecraft:torch":3,"minecraft:light_gray_terracotta":4,"minecraft:campfire":2,"minecraft:andesite_wall":3,"minecraft:stone_slab":1,"minecraft:tall_grass":28,"minecraft:cobblestone":19,"minecraft:oak_planks":5,"minecraft:wall_torch":2,"minecraft:blue_bed":13,"minecraft:pink_petals":1,"minecraft:spruce_stairs":7,"minecraft:stone_stairs":2,"minecraft:coarse_dirt":1,"minecraft:mossy_stone_brick_wall":3,"minecraft:birch_log":6,"minecraft:sweet_berry_bush":2,"minecraft:spruce_log":6,"minecraft:birch_leaves":16,"minecraft:stripped_oak_wood":3,"minecraft:stone_brick_stairs":1,"minecraft:grass":63,"minecraft:oak_log":5,"minecraft:coal_ore":32,"minecraft:sand":12,"minecraft:dirt":87,"minecraft:cobweb":1,"minecraft:cracked_stone_bricks":2,"minecraft:stone_bricks":9,"minecraft:oak_leaves":26,"minecraft:deepslate":6,"minecraft:iron_trapdoor":2,"minecraft:fern":1},"minecraft:used":{"minecraft:iron_bars":1,"minecraft:stone_sword":512,"minecraft:stone_shovel":117,"minecraft:spruce_planks":36,"minecraft:torch":6,"minecraft:dirt":92,"minecraft:spruce_stairs":7,"minecraft:carrot":3,"minecraft:andesite_wall":1,"minecraft:spruce_boat":2,"variantvanillablocks:spruce_crafting_table":10,"minecraft:stone_bricks":1,"minecraft:scaffolding":1,"minecraft:furnace":2,"minecraft:cooked_beef":44,"minecraft:cobbled_deepslate":5,"minecraft:mossy_stone_brick_wall":2,"minecraft:cooked_mutton":2,"minecraft:cobblestone_stairs":6,"minecraft:stone_pickaxe":257,"minecraft:oak_planks":1,"minecraft:wooden_pickaxe":3,"minecraft:blue_bed":13,"minecraft:stone_brick_wall":2,"minecraft:oak_log":1,"minecraft:bread":39,"minecraft:stone_axe":131,"minecraft:cobblestone":58,"travelersbackpack:standard":3,"variantvanillablocks:spruce_chest":4,"minecraft:stripped_oak_wood":2,"minecraft:cooked_porkchop":8,"minecraft:coarse_dirt":1},"minecraft:crafted":{"minecraft:stone_shovel":1,"minecraft:leather_leggings":1,"minecraft:leather_boots":1,"minecraft:furnace":1,"variantvanillablocks:spruce_chest":3,"minecraft:glass":12,"travelersbackpack:white_sleeping_bag":1,"minecraft:stone_pickaxe":2,"minecraft:spruce_boat":2,"minecraft:wheat":162,"minecraft:cooked_beef":64,"variantvanillablocks:spruce_crafting_table":2,"minecraft:spruce_planks":108,"travelersbackpack:standard":1,"travelersbackpack:backpack_tank":2,"minecraft:wooden_pickaxe":1,"minecraft:iron_sword":1,"minecraft:stone_axe":2,"minecraft:bread":54,"minecraft:air":0,"minecraft:stick":20,"minecraft:iron_ingot":37,"minecraft:iron_pickaxe":1,"minecraft:stone_sword":4,"minecraft:torch":4},"minecraft:killed":{"undead_revamp2:thewolf":1,"undead_revamp2:thehunter":6,"minecraft:spider":1,"minecraft:skeleton":5,"minecraft:chicken":6,"undead_revamp2:thebidy":2,"undead_revamp2:sucker":5,"minecraft:pig":15,"minecraft:zombie_villager":1,"undead_revamp2:the_moonflower":6,"minecraft:creeper":1,"minecraft:sheep":15,"minecraft:pillager":23,"undead_revamp2:thesomnolence":1,"minecraft:goat":1,"minecraft:zombie":22,"minecraft:cow":46},"minecraft:custom":{"minecraft:mob_kills":160,"minecraft:animals_bred":1,"minecraft:interact_with_crafting_table":27,"minecraft:open_barrel":3,"minecraft:interact_with_campfire":14,"minecraft:damage_dealt_resisted":295,"minecraft:eat_cake_slice":5,"minecraft:leave_game":10,"minecraft:time_since_death":159,"minecraft:climb_one_cm":1452,"minecraft:sprint_one_cm":759733,"minecraft:walk_one_cm":500533,"minecraft:drop":52,"minecraft:damage_dealt_absorbed":49,"minecraft:play_time":241133,"minecraft:deaths":17,"minecraft:sneak_time":13025,"minecraft:walk_under_water_one_cm":4176,"minecraft:boat_one_cm":147195,"minecraft:jump":5538,"minecraft:walk_on_water_one_cm":11375,"minecraft:total_world_time":241133,"minecraft:interact_with_furnace":20,"minecraft:sleep_in_bed":10,"minecraft:time_since_rest":189,"minecraft:damage_taken":10726,"minecraft:damage_dealt":21936,"minecraft:swim_one_cm":45824,"minecraft:fly_one_cm":1219647,"minecraft:open_chest":52,"minecraft:crouch_one_cm":32867,"minecraft:fall_one_cm":190768,"minecraft:horse_one_cm":2239},"minecraft:picked_up":{"minecraft:charcoal":4,"minecraft:coarse_dirt":1,"minecraft:iron_chestplate":6,"minecraft:iron_trapdoor":2,"minecraft:chicken":45,"minecraft:leather_leggings":2,"minecraft:lead":5,"minecraft:stone_slab":1,"minecraft:wooden_pickaxe":1,"minecraft:oak_stairs":5,"minecraft:stone_brick_wall":6,"minecraft:stone_brick_stairs":1,"minecraft:cornflower":32,"minecraft:string":7,"minecraft:dark_oak_trapdoor":1,"minecraft:stone_stairs":2,"variantvanillablocks:spruce_crafting_table":16,"minecraft:cracked_stone_bricks":4,"minecraft:cobbled_deepslate":8,"minecraft:spruce_planks":550,"minecraft:beef":141,"minecraft:azalea":1,"minecraft:iron_nugget":361,"minecraft:light_gray_wool":8,"minecraft:birch_sapling":5,"minecraft:egg":1,"minecraft:furnace":1,"minecraft:stick":26,"minecraft:raw_iron":160,"minecraft:torch":20,"minecraft:spruce_stairs":38,"travelersbackpack:iron_tier_upgrade":9,"minecraft:porkchop":71,"minecraft:carrot":5,"minecraft:andesite_wall":3,"minecraft:stone_shovel":8,"minecraft:stone_sword":14,"minecraft:arrow":29,"minecraft:rotten_flesh":94,"crittersandcompanions:silk":14,"variantvanillablocks:spruce_chest":2,"minecraft:hay_block":18,"minecraft:mutton":54,"undead_revamp2:arapholia":2,"minecraft:iron_bars":6,"minecraft:white_wool":17,"minecraft:cobblestone":210,"minecraft:stripped_oak_log":2,"minecraft:birch_log":12,"minecraft:pink_petals":8,"minecraft:magma_block":2,"minecraft:leather_chestplate":3,"minecraft:feather":11,"minecraft:cooked_beef":230,"minecraft:birch_slab":2,"minecraft:brown_wool":2,"minecraft:leather":89,"minecraft:tuff":6,"minecraft:oak_log":23,"minecraft:chainmail_chestplate":3,"minecraft:gunpowder":2,"undead_revamp2:huntereye":6,"minecraft:cobblestone_stairs":7,"minecraft:lapis_lazuli":8,"minecraft:blue_bed":14,"minecraft:dirt":142,"minecraft:white_banner":3,"minecraft:leather_boots":6,"minecraft:cooked_mutton":2,"minecraft:bone":32,"minecraft:stone_bricks":6,"minecraft:kelp":2,"minecraft:wheat_seeds":30,"minecraft:stone_pickaxe":14,"minecraft:iron_ingot":463,"minecraft:stripped_oak_wood":5,"minecraft:mossy_stone_brick_wall":3,"minecraft:iron_sword":2,"minecraft:oak_planks":13,"minecraft:book":18,"minecraft:scaffolding":1,"minecraft:cooked_porkchop":8,"minecraft:sweet_berries":45,"minecraft:sand":12,"minecraft:spruce_sapling":2,"minecraft:spruce_log":51,"minecraft:spider_eye":1,"minecraft:leather_helmet":2,"travelersbackpack:standard":4,"minecraft:slime_ball":9,"minecraft:diamond":51,"minecraft:stone_axe":13,"minecraft:iron_helmet":5,"minecraft:crossbow":1,"minecraft:emerald":123,"minecraft:bread":253,"minecraft:warped_roots":1,"minecraft:oak_sapling":7,"minecraft:black_wool":5,"minecraft:coal":108},"minecraft:broken":{"minecraft:leather_helmet":1,"minecraft:stone_sword":3,"minecraft:leather_chestplate":2,"minecraft:stone_pickaxe":1,"minecraft:stone_axe":1,"minecraft:stone_shovel":1}},"DataVersion":3465}