{"stats":{"minecraft:used":{"minecraft:cooked_mutton":2,"minecraft:stone_sword":213,"minecraft:stone_pickaxe":143,"minecraft:spruce_planks":6,"minecraft:wooden_pickaxe":3,"minecraft:blue_bed":12,"minecraft:dirt":13,"minecraft:spruce_boat":2,"variantvanillablocks:spruce_crafting_table":6,"minecraft:bread":26,"minecraft:stone_axe":39,"minecraft:furnace":1,"minecraft:cobblestone":19,"variantvanillablocks:spruce_chest":4,"minecraft:cooked_porkchop":8,"minecraft:cooked_beef":4,"minecraft:mossy_stone_brick_wall":1},"minecraft:crafted":{"variantvanillablocks:spruce_crafting_table":2,"minecraft:spruce_planks":108,"minecraft:wooden_pickaxe":1,"minecraft:furnace":1,"minecraft:stone_axe":1,"variantvanillablocks:spruce_chest":2,"minecraft:stick":12,"minecraft:iron_pickaxe":1,"minecraft:stone_pickaxe":2,"minecraft:stone_sword":2,"minecraft:spruce_boat":2},"minecraft:dropped":{"minecraft:kelp":2,"minecraft:sweet_berries":1,"minecraft:wheat_seeds":6,"minecraft:birch_sapling":1,"minecraft:feather":2,"minecraft:cobblestone":1,"minecraft:rotten_flesh":4,"minecraft:light_gray_wool":2,"minecraft:warped_roots":1,"minecraft:apple":3,"minecraft:cracked_stone_bricks":3,"minecraft:birch_slab":1,"minecraft:mushroom_stew":1,"minecraft:spruce_planks":5,"minecraft:cornflower":24,"minecraft:azalea":1,"minecraft:stone_bricks":1,"minecraft:stone_brick_stairs":1,"minecraft:bone":4},"minecraft:killed_by":{"minecraft:player":1,"undead_revamp2:thesmoker":1},"minecraft:killed":{"minecraft:pig":15,"undead_revamp2:thehunter":1,"minecraft:sheep":10,"minecraft:skeleton":1,"minecraft:pillager":2,"minecraft:zombie":1,"minecraft:chicken":5,"undead_revamp2:sucker":1,"minecraft:cow":41},"minecraft:broken":{"minecraft:stone_pickaxe":1,"minecraft:stone_sword":1},"minecraft:picked_up":{"minecraft:pink_petals":8,"minecraft:iron_chestplate":6,"minecraft:feather":7,"minecraft:cooked_beef":5,"minecraft:chicken":19,"minecraft:birch_slab":2,"minecraft:leather":45,"minecraft:wooden_pickaxe":1,"minecraft:stone_brick_stairs":1,"minecraft:cornflower":32,"minecraft:lapis_lazuli":1,"minecraft:dirt":17,"minecraft:blue_bed":14,"variantvanillablocks:spruce_crafting_table":6,"minecraft:cooked_mutton":2,"minecraft:bone":7,"minecraft:stone_bricks":1,"minecraft:kelp":2,"minecraft:cracked_stone_bricks":3,"minecraft:wheat_seeds":22,"minecraft:spruce_planks":29,"minecraft:iron_ingot":25,"minecraft:beef":108,"minecraft:stone_pickaxe":2,"minecraft:azalea":1,"minecraft:iron_nugget":79,"minecraft:mossy_stone_brick_wall":1,"minecraft:light_gray_wool":6,"minecraft:birch_sapling":3,"minecraft:furnace":1,"minecraft:raw_iron":125,"minecraft:book":8,"minecraft:stick":5,"minecraft:cooked_porkchop":8,"minecraft:sweet_berries":45,"travelersbackpack:iron_tier_upgrade":1,"minecraft:spruce_stairs":7,"minecraft:porkchop":54,"minecraft:sand":12,"minecraft:spruce_log":51,"minecraft:spider_eye":1,"variantvanillablocks:spruce_chest":2,"minecraft:stone_sword":1,"minecraft:rotten_flesh":11,"minecraft:diamond":1,"minecraft:stone_axe":1,"minecraft:hay_block":18,"minecraft:iron_helmet":5,"crittersandcompanions:silk":14,"minecraft:emerald":13,"minecraft:bread":15,"minecraft:warped_roots":1,"minecraft:black_wool":5,"minecraft:mutton":29,"minecraft:coal":91,"minecraft:white_wool":15,"minecraft:cobblestone":80},"minecraft:mined":{"undead_revamp2:arapholia":1,"minecraft:yellow_terracotta":3,"minecraft:spruce_planks":11,"minecraft:powder_snow":22,"minecraft:oak_fence":1,"minecraft:light_gray_terracotta":4,"minecraft:grass_block":5,"minecraft:decorated_pot":1,"minecraft:andesite_wall":1,"minecraft:tall_grass":10,"minecraft:cobblestone":2,"minecraft:birch_slab":1,"minecraft:spruce_leaves":4,"minecraft:blue_bed":13,"minecraft:hay_block":18,"minecraft:pink_petals":1,"minecraft:spruce_stairs":4,"minecraft:furnace":1,"minecraft:mossy_stone_brick_wall":1,"minecraft:iron_ore":48,"minecraft:sweet_berry_bush":2,"minecraft:spruce_log":6,"minecraft:birch_leaves":3,"variantvanillablocks:spruce_chest":2,"minecraft:stone_brick_stairs":1,"minecraft:grass":35,"minecraft:coal_ore":29,"minecraft:deepslate_iron_ore":2,"variantvanillablocks:spruce_crafting_table":5,"crittersandcompanions:silk_cocoon":2,"minecraft:sand":12,"minecraft:dirt":9,"minecraft:cobweb":1,"minecraft:cracked_stone_bricks":1,"minecraft:azalea_leaves":3,"minecraft:stone":40,"minecraft:stone_bricks":6,"minecraft:fern":1},"minecraft:custom":{"minecraft:interact_with_furnace":3,"minecraft:mob_kills":77,"minecraft:animals_bred":1,"minecraft:interact_with_crafting_table":11,"minecraft:open_barrel":2,"minecraft:interact_with_campfire":14,"minecraft:damage_dealt_resisted":124,"minecraft:leave_game":10,"minecraft:time_since_death":73146,"minecraft:sleep_in_bed":8,"minecraft:climb_one_cm":1246,"minecraft:time_since_rest":28240,"minecraft:sprint_one_cm":551839,"minecraft:damage_taken":2215,"minecraft:walk_one_cm":221558,"minecraft:drop":29,"minecraft:damage_dealt":7663,"minecraft:swim_one_cm":38502,"minecraft:fly_one_cm":941063,"minecraft:open_chest":21,"minecraft:crouch_one_cm":7336,"minecraft:play_time":122233,"minecraft:deaths":2,"minecraft:sneak_time":2429,"minecraft:walk_under_water_one_cm":3992,"minecraft:boat_one_cm":147195,"minecraft:jump":3945,"minecraft:walk_on_water_one_cm":7166,"minecraft:total_world_time":122233,"minecraft:fall_one_cm":142377,"minecraft:horse_one_cm":2239}},"DataVersion":3465}