{"stats":{"minecraft:killed_by":{"undead_revamp2:sucker":1,"undead_revamp2:the_moonflower":3,"minecraft:pillager":8,"minecraft:zombie":3,"undead_revamp2:thesmoker":1,"minecraft:player":1,"undead_revamp2:thehunter":1},"minecraft:dropped":{"minecraft:warped_roots":1,"minecraft:cracked_stone_bricks":3,"minecraft:birch_slab":1,"minecraft:cobblestone_stairs":1,"minecraft:cornflower":24,"minecraft:dark_oak_trapdoor":1,"minecraft:bone":4,"minecraft:cobbled_deepslate":1,"minecraft:birch_sapling":1,"minecraft:wheat":13,"undead_revamp2:arapholia":2,"minecraft:beetroot":3,"minecraft:rotten_flesh":12,"minecraft:stone_stairs":2,"minecraft:carrot":1,"minecraft:beetroot_seeds":9,"minecraft:azalea":1,"minecraft:stone_brick_stairs":1,"minecraft:egg":1,"minecraft:wheat_seeds":56,"minecraft:feather":6,"minecraft:cobblestone":1,"minecraft:andesite_wall":1,"minecraft:apple":3,"minecraft:mushroom_stew":1,"minecraft:oak_stairs":5,"minecraft:string":4,"minecraft:spruce_sapling":2,"minecraft:kelp":2,"minecraft:sweet_berries":1,"minecraft:light_gray_wool":3,"minecraft:stone_slab":1,"minecraft:potato":3,"minecraft:spruce_planks":5,"minecraft:oak_sapling":3,"minecraft:stone_bricks":1,"minecraft:magma_block":2},"minecraft:mined":{"undead_revamp2:arapholia":1,"minecraft:spruce_planks":18,"minecraft:white_bed":4,"minecraft:cobblestone_stairs":8,"minecraft:grass_block":209,"minecraft:stone_brick_wall":3,"minecraft:composter":1,"minecraft:magma_block":2,"minecraft:dark_oak_trapdoor":1,"minecraft:iron_ore":57,"minecraft:cobbled_deepslate":1,"minecraft:azure_bluet":1,"variantvanillablocks:spruce_chest":4,"minecraft:flowering_azalea_leaves":1,"minecraft:dirt_path":24,"minecraft:oak_stairs":47,"minecraft:iron_bars":2,"minecraft:azalea_leaves":13,"minecraft:kelp_plant":2,"minecraft:powder_snow":66,"minecraft:torch":3,"minecraft:light_gray_terracotta":4,"diagonalfences:minecraft/oak_fence":3,"minecraft:poppy":2,"minecraft:cobblestone":34,"minecraft:oak_planks":108,"minecraft:wall_torch":2,"minecraft:pink_petals":1,"minecraft:stone_stairs":2,"minecraft:mossy_stone_brick_wall":3,"minecraft:birch_log":6,"minecraft:wheat":17,"minecraft:stripped_oak_wood":4,"minecraft:stone_brick_stairs":1,"minecraft:grass":88,"minecraft:oak_log":90,"minecraft:beetroots":3,"minecraft:sand":71,"minecraft:dirt":311,"minecraft:oak_leaves":26,"minecraft:deepslate":6,"minecraft:yellow_terracotta":3,"minecraft:tuff":2,"minecraft:mossy_cobblestone":1,"minecraft:oak_door":2,"minecraft:decorated_pot":1,"minecraft:birch_slab":1,"minecraft:spruce_leaves":7,"minecraft:kelp":37,"minecraft:large_fern":2,"minecraft:hay_block":18,"minecraft:oak_trapdoor":4,"minecraft:furnace":1,"minecraft:carrots":6,"minecraft:peony":1,"minecraft:potatoes":1,"minecraft:deepslate_iron_ore":2,"crittersandcompanions:silk_cocoon":2,"variantvanillablocks:spruce_crafting_table":9,"minecraft:stripped_oak_log":1,"minecraft:stone":81,"minecraft:scaffolding":3,"minecraft:glass_pane":1,"minecraft:dandelion":2,"travelersbackpack:standard":3,"minecraft:oak_fence":4,"minecraft:cornflower":1,"minecraft:campfire":2,"minecraft:andesite_wall":3,"minecraft:stone_slab":1,"minecraft:tall_grass":33,"minecraft:blue_bed":14,"minecraft:spruce_stairs":7,"minecraft:purple_bed":1,"minecraft:coarse_dirt":2,"minecraft:sweet_berry_bush":2,"minecraft:spruce_log":6,"minecraft:birch_leaves":16,"variantvanillablocks:oak_fletching_table":1,"minecraft:coal_ore":32,"minecraft:gravel":41,"minecraft:cobweb":1,"minecraft:cracked_stone_bricks":2,"minecraft:stone_bricks":9,"minecraft:iron_trapdoor":2,"minecraft:fern":1},"minecraft:used":{"minecraft:poppy":4,"variantvanillablocks:cherry_fletching_table":1,"minecraft:carrot":22,"minecraft:azure_bluet":1,"minecraft:spruce_boat":2,"minecraft:glass":59,"variantvanillablocks:spruce_crafting_table":13,"minecraft:stone_bricks":1,"minecraft:scaffolding":1,"minecraft:furnace":2,"minecraft:potato":2,"variantvanillablocks:oak_fletching_table":2,"minecraft:stone_pickaxe":274,"minecraft:oak_planks":80,"minecraft:wooden_pickaxe":3,"minecraft:composter":1,"minecraft:blue_bed":14,"minecraft:stone_brick_wall":2,"minecraft:bread":39,"minecraft:gravel":25,"variantvanillablocks:spruce_chest":7,"minecraft:stripped_oak_wood":2,"minecraft:coarse_dirt":1,"minecraft:oak_fence":4,"minecraft:iron_bars":1,"minecraft:stone_sword":513,"minecraft:stone_shovel":622,"minecraft:spruce_planks":38,"minecraft:stone_hoe":49,"minecraft:torch":6,"minecraft:dirt":260,"minecraft:spruce_stairs":7,"minecraft:andesite_wall":1,"minecraft:oak_stairs":14,"variantvanillablocks:spruce_fletching_table":1,"minecraft:cooked_beef":50,"minecraft:cobbled_deepslate":5,"minecraft:mossy_stone_brick_wall":2,"minecraft:cooked_mutton":2,"minecraft:water_bucket":1,"minecraft:cobblestone_stairs":6,"minecraft:white_bed":4,"minecraft:oak_log":1,"minecraft:cornflower":2,"minecraft:stone_axe":392,"minecraft:cobblestone":58,"travelersbackpack:standard":5,"minecraft:purple_bed":1,"minecraft:cooked_porkchop":8,"minecraft:bucket":1,"minecraft:dandelion":2},"minecraft:crafted":{"minecraft:oak_planks":356,"variantvanillablocks:cherry_fletching_table":1,"minecraft:stone":23,"variantvanillablocks:oak_fletching_table":1,"minecraft:glass":71,"minecraft:stone_hoe":1,"minecraft:emerald":27,"variantvanillablocks:spruce_crafting_table":3,"minecraft:spruce_planks":108,"minecraft:wooden_pickaxe":1,"travelersbackpack:standard":1,"variantvanillablocks:spruce_fletching_table":1,"minecraft:stick":900,"minecraft:iron_ingot":37,"minecraft:iron_pickaxe":1,"minecraft:stone_sword":4,"minecraft:cherry_planks":68,"minecraft:stone_shovel":5,"minecraft:leather_leggings":1,"minecraft:leather_boots":1,"minecraft:furnace":1,"minecraft:bone_meal":36,"variantvanillablocks:spruce_chest":3,"travelersbackpack:white_sleeping_bag":1,"minecraft:stone_pickaxe":3,"minecraft:spruce_boat":2,"minecraft:wheat":162,"minecraft:cooked_beef":64,"travelersbackpack:backpack_tank":2,"minecraft:iron_sword":1,"minecraft:bucket":1,"minecraft:stone_axe":5,"minecraft:bread":54,"minecraft:air":0,"minecraft:torch":4},"minecraft:killed":{"undead_revamp2:thewolf":1,"minecraft:spider":1,"minecraft:skeleton":5,"minecraft:chicken":6,"minecraft:pig":15,"minecraft:zombie_villager":1,"minecraft:creeper":1,"minecraft:sheep":15,"minecraft:pillager":23,"minecraft:goat":1,"minecraft:zombie":22,"minecraft:cow":46,"undead_revamp2:thehunter":6,"undead_revamp2:thebidy":2,"undead_revamp2:sucker":5,"undead_revamp2:the_moonflower":6,"undead_revamp2:thesomnolence":1},"minecraft:custom":{"minecraft:animals_bred":1,"minecraft:interact_with_crafting_table":47,"minecraft:open_barrel":3,"minecraft:eat_cake_slice":5,"minecraft:leave_game":13,"minecraft:time_since_death":67177,"minecraft:sprint_one_cm":910987,"minecraft:drop":84,"minecraft:talked_to_villager":20,"minecraft:play_time":308641,"minecraft:deaths":18,"minecraft:jump":6619,"minecraft:walk_on_water_one_cm":18489,"minecraft:interact_with_furnace":29,"minecraft:traded_with_villager":27,"minecraft:sleep_in_bed":16,"minecraft:damage_dealt":21936,"minecraft:crouch_one_cm":49623,"minecraft:horse_one_cm":2239,"minecraft:mob_kills":160,"minecraft:interact_with_campfire":14,"minecraft:damage_dealt_resisted":295,"minecraft:climb_one_cm":1452,"minecraft:walk_one_cm":754017,"minecraft:damage_dealt_absorbed":49,"minecraft:sneak_time":18341,"minecraft:walk_under_water_one_cm":4331,"minecraft:boat_one_cm":147195,"minecraft:total_world_time":308641,"minecraft:time_since_rest":2604,"minecraft:damage_taken":11066,"minecraft:swim_one_cm":47943,"minecraft:fly_one_cm":1498848,"minecraft:open_chest":85,"minecraft:fall_one_cm":205691},"minecraft:broken":{"minecraft:stone_pickaxe":2,"minecraft:stone_axe":3,"minecraft:stone_shovel":5,"minecraft:leather_helmet":1,"minecraft:stone_sword":3,"minecraft:leather_chestplate":2},"minecraft:picked_up":{"minecraft:iron_chestplate":6,"minecraft:wheat":13,"minecraft:iron_trapdoor":2,"minecraft:stone_slab":1,"minecraft:lead":6,"minecraft:oak_stairs":45,"minecraft:stone_brick_stairs":1,"minecraft:string":7,"minecraft:dark_oak_trapdoor":1,"minecraft:beetroot":3,"minecraft:cobbled_deepslate":8,"minecraft:spruce_planks":579,"minecraft:azalea":2,"minecraft:furnace":1,"minecraft:stick":32,"variantvanillablocks:oak_fletching_table":1,"minecraft:composter":1,"minecraft:oak_fence":6,"minecraft:torch":30,"minecraft:spruce_stairs":38,"travelersbackpack:iron_tier_upgrade":9,"minecraft:porkchop":71,"minecraft:andesite_wall":3,"minecraft:stone_sword":15,"minecraft:rotten_flesh":107,"minecraft:iron_bars":6,"undead_revamp2:arapholia":2,"minecraft:cobblestone":234,"minecraft:birch_log":12,"minecraft:pink_petals":8,"minecraft:magma_block":2,"minecraft:leather_chestplate":3,"minecraft:feather":11,"minecraft:cooked_beef":278,"minecraft:birch_slab":2,"minecraft:brown_wool":2,"minecraft:potato":5,"minecraft:flint":6,"minecraft:tuff":10,"undead_revamp2:huntereye":6,"minecraft:lapis_lazuli":8,"minecraft:dirt":590,"minecraft:leather_boots":7,"minecraft:bone":38,"minecraft:wheat_seeds":76,"minecraft:oak_planks":122,"minecraft:cooked_porkchop":8,"minecraft:sand":71,"minecraft:mossy_cobblestone":1,"minecraft:diamond":61,"minecraft:crossbow":1,"minecraft:bread":253,"minecraft:emerald":143,"minecraft:oak_sapling":7,"minecraft:charcoal":4,"minecraft:coarse_dirt":3,"minecraft:azure_bluet":1,"minecraft:chicken":45,"minecraft:leather_leggings":2,"minecraft:wooden_pickaxe":1,"minecraft:stone_brick_wall":6,"minecraft:cornflower":34,"minecraft:oak_trapdoor":4,"minecraft:stone_stairs":2,"variantvanillablocks:spruce_crafting_table":17,"minecraft:cracked_stone_bricks":4,"minecraft:beef":141,"minecraft:iron_nugget":361,"minecraft:poppy":4,"minecraft:light_gray_wool":8,"minecraft:birch_sapling":5,"minecraft:egg":1,"minecraft:raw_iron":160,"minecraft:oak_door":1,"minecraft:carrot":25,"minecraft:arrow":34,"minecraft:stone_shovel":9,"minecraft:beetroot_seeds":9,"crittersandcompanions:silk":14,"variantvanillablocks:spruce_chest":4,"minecraft:hay_block":18,"minecraft:mutton":64,"minecraft:white_wool":17,"minecraft:stripped_oak_log":3,"minecraft:leather":89,"minecraft:oak_log":114,"minecraft:chainmail_chestplate":3,"minecraft:gunpowder":2,"minecraft:cobblestone_stairs":8,"minecraft:blue_bed":15,"minecraft:white_banner":3,"minecraft:cooked_mutton":2,"minecraft:stone_bricks":6,"minecraft:kelp":31,"minecraft:iron_ingot":463,"minecraft:stone_pickaxe":15,"minecraft:stripped_oak_wood":6,"minecraft:mossy_stone_brick_wall":3,"minecraft:iron_sword":3,"minecraft:book":18,"minecraft:scaffolding":1,"minecraft:sweet_berries":45,"minecraft:dandelion":2,"minecraft:gravel":31,"minecraft:spruce_sapling":2,"minecraft:white_bed":4,"minecraft:spruce_log":51,"minecraft:spider_eye":1,"minecraft:leather_helmet":2,"travelersbackpack:standard":4,"minecraft:purple_bed":1,"minecraft:slime_ball":19,"minecraft:stone_axe":14,"minecraft:iron_helmet":5,"minecraft:warped_roots":1,"minecraft:black_wool":5,"minecraft:coal":110}},"DataVersion":3465}