{"stats":{"minecraft:dropped":{"mysticaloaktree:wise_oak":1},"minecraft:used":{"mysticaloaktree:wise_oak":3},"minecraft:custom":{"minecraft:jump":20,"minecraft:time_since_rest":5911,"minecraft:crouch_one_cm":207,"minecraft:leave_game":1,"minecraft:sprint_one_cm":2715,"minecraft:play_time":5911,"minecraft:damage_taken":80,"minecraft:time_since_death":5911,"minecraft:walk_one_cm":3429,"minecraft:sneak_time":308,"minecraft:total_world_time":5911,"minecraft:drop":1,"minecraft:fall_one_cm":1076,"minecraft:fly_one_cm":200432}},"DataVersion":3465}