{"stats":{"minecraft:killed":{"minecraft:pig":11,"undead_revamp2:thehunter":1,"minecraft:sheep":10,"minecraft:zombie":1,"minecraft:chicken":5,"undead_revamp2:sucker":1,"minecraft:cow":13},"minecraft:crafted":{"variantvanillablocks:spruce_crafting_table":2,"minecraft:spruce_planks":20,"minecraft:wooden_pickaxe":1,"minecraft:stone_axe":1,"minecraft:stick":8,"minecraft:stone_pickaxe":1,"minecraft:stone_sword":2},"minecraft:mined":{"minecraft:powder_snow":22,"minecraft:grass_block":4,"minecraft:tall_grass":5,"minecraft:cobblestone":1,"minecraft:birch_slab":1,"minecraft:spruce_leaves":4,"minecraft:blue_bed":8,"minecraft:pink_petals":1,"minecraft:iron_ore":28,"minecraft:sweet_berry_bush":2,"minecraft:spruce_log":6,"minecraft:birch_leaves":3,"minecraft:grass":19,"minecraft:coal_ore":16,"minecraft:deepslate_iron_ore":2,"crittersandcompanions:silk_cocoon":2,"variantvanillablocks:spruce_crafting_table":1,"minecraft:dirt":9,"minecraft:stone":37,"minecraft:fern":1},"minecraft:picked_up":{"minecraft:pink_petals":8,"minecraft:iron_chestplate":5,"minecraft:feather":5,"minecraft:cooked_beef":5,"minecraft:chicken":9,"minecraft:birch_slab":1,"minecraft:leather":14,"minecraft:wooden_pickaxe":1,"minecraft:cornflower":32,"minecraft:blue_bed":9,"minecraft:dirt":15,"variantvanillablocks:spruce_crafting_table":1,"minecraft:cooked_mutton":2,"minecraft:bone":3,"minecraft:wheat_seeds":22,"minecraft:spruce_planks":9,"minecraft:stone_pickaxe":1,"minecraft:beef":42,"minecraft:iron_nugget":2,"minecraft:light_gray_wool":4,"minecraft:birch_sapling":2,"minecraft:stick":3,"minecraft:raw_iron":39,"minecraft:sweet_berries":27,"minecraft:porkchop":29,"minecraft:spruce_log":29,"minecraft:spider_eye":1,"minecraft:rotten_flesh":7,"crittersandcompanions:silk":7,"minecraft:iron_helmet":2,"minecraft:emerald":3,"minecraft:bread":10,"minecraft:warped_roots":1,"minecraft:black_wool":3,"minecraft:mutton":18,"minecraft:coal":33,"minecraft:white_wool":8,"minecraft:cobblestone":49},"minecraft:dropped":{"minecraft:sweet_berries":1,"minecraft:wheat_seeds":6,"minecraft:warped_roots":1,"minecraft:cornflower":24},"minecraft:used":{"minecraft:cooked_mutton":2,"minecraft:stone_sword":124,"minecraft:stone_pickaxe":84,"minecraft:wooden_pickaxe":3,"minecraft:blue_bed":7,"minecraft:dirt":11,"variantvanillablocks:spruce_crafting_table":2,"minecraft:bread":5,"minecraft:stone_axe":2,"minecraft:cobblestone":12,"minecraft:cooked_beef":4},"minecraft:killed_by":{"undead_revamp2:thesmoker":1},"minecraft:custom":{"minecraft:mob_kills":42,"minecraft:interact_with_crafting_table":4,"minecraft:interact_with_campfire":6,"minecraft:leave_game":4,"minecraft:time_since_death":20860,"minecraft:sleep_in_bed":4,"minecraft:time_since_rest":659,"minecraft:sprint_one_cm":204378,"minecraft:damage_taken":790,"minecraft:walk_one_cm":110110,"minecraft:drop":11,"minecraft:damage_dealt":3860,"minecraft:swim_one_cm":10646,"minecraft:fly_one_cm":250723,"minecraft:open_chest":8,"minecraft:crouch_one_cm":5178,"minecraft:play_time":47940,"minecraft:deaths":1,"minecraft:sneak_time":1713,"minecraft:walk_under_water_one_cm":960,"minecraft:jump":1271,"minecraft:walk_on_water_one_cm":2766,"minecraft:total_world_time":47940,"minecraft:fall_one_cm":43853}},"DataVersion":3465}