{"stats":{"minecraft:used":{"minecraft:cooked_mutton":2,"minecraft:stone_sword":199,"minecraft:stone_pickaxe":104,"minecraft:wooden_pickaxe":3,"minecraft:blue_bed":11,"minecraft:dirt":13,"variantvanillablocks:spruce_crafting_table":3,"minecraft:bread":11,"minecraft:stone_axe":5,"minecraft:cobblestone":19,"minecraft:cooked_porkchop":6,"minecraft:cooked_beef":4},"minecraft:crafted":{"variantvanillablocks:spruce_crafting_table":2,"minecraft:spruce_planks":20,"minecraft:wooden_pickaxe":1,"minecraft:stone_axe":1,"minecraft:stick":8,"minecraft:iron_pickaxe":1,"minecraft:stone_pickaxe":1,"minecraft:stone_sword":2},"minecraft:dropped":{"minecraft:sweet_berries":1,"minecraft:wheat_seeds":6,"minecraft:birch_sapling":1,"minecraft:feather":2,"minecraft:rotten_flesh":4,"minecraft:light_gray_wool":2,"minecraft:warped_roots":1,"minecraft:birch_slab":1,"minecraft:cornflower":24},"minecraft:killed_by":{"minecraft:player":1,"undead_revamp2:thesmoker":1},"minecraft:killed":{"minecraft:pig":15,"undead_revamp2:thehunter":1,"minecraft:sheep":10,"minecraft:zombie":1,"minecraft:chicken":5,"undead_revamp2:sucker":1,"minecraft:cow":38},"minecraft:picked_up":{"minecraft:pink_petals":8,"minecraft:iron_chestplate":6,"minecraft:feather":7,"minecraft:cooked_beef":5,"minecraft:chicken":14,"minecraft:birch_slab":2,"minecraft:leather":44,"minecraft:wooden_pickaxe":1,"minecraft:cornflower":32,"minecraft:lapis_lazuli":1,"minecraft:blue_bed":13,"minecraft:dirt":17,"variantvanillablocks:spruce_crafting_table":3,"minecraft:cooked_mutton":2,"minecraft:bone":6,"minecraft:wheat_seeds":22,"minecraft:spruce_planks":14,"minecraft:stone_pickaxe":2,"minecraft:beef":108,"minecraft:iron_ingot":13,"minecraft:iron_nugget":32,"minecraft:light_gray_wool":6,"minecraft:birch_sapling":3,"minecraft:book":4,"minecraft:stick":5,"minecraft:raw_iron":79,"minecraft:cooked_porkchop":8,"minecraft:sweet_berries":45,"travelersbackpack:iron_tier_upgrade":1,"minecraft:sand":12,"minecraft:porkchop":54,"minecraft:spruce_log":51,"minecraft:spider_eye":1,"minecraft:stone_sword":1,"minecraft:rotten_flesh":11,"minecraft:diamond":1,"minecraft:stone_axe":1,"minecraft:hay_block":13,"crittersandcompanions:silk":14,"minecraft:iron_helmet":4,"minecraft:emerald":13,"minecraft:bread":15,"minecraft:warped_roots":1,"minecraft:black_wool":5,"minecraft:mutton":29,"minecraft:coal":50,"minecraft:white_wool":14,"minecraft:cobblestone":64},"minecraft:mined":{"minecraft:yellow_terracotta":3,"minecraft:powder_snow":22,"minecraft:oak_fence":1,"minecraft:light_gray_terracotta":4,"minecraft:grass_block":4,"minecraft:decorated_pot":1,"minecraft:tall_grass":10,"minecraft:cobblestone":1,"minecraft:birch_slab":1,"minecraft:spruce_leaves":4,"minecraft:blue_bed":12,"minecraft:pink_petals":1,"minecraft:hay_block":13,"minecraft:iron_ore":39,"minecraft:sweet_berry_bush":2,"minecraft:spruce_log":6,"minecraft:birch_leaves":3,"minecraft:grass":31,"minecraft:coal_ore":16,"minecraft:deepslate_iron_ore":2,"crittersandcompanions:silk_cocoon":2,"variantvanillablocks:spruce_crafting_table":2,"minecraft:sand":12,"minecraft:dirt":9,"minecraft:cobweb":1,"minecraft:stone":37,"minecraft:fern":1},"minecraft:custom":{"minecraft:mob_kills":71,"minecraft:animals_bred":1,"minecraft:interact_with_crafting_table":5,"minecraft:interact_with_campfire":14,"minecraft:damage_dealt_resisted":124,"minecraft:leave_game":5,"minecraft:time_since_death":33537,"minecraft:sleep_in_bed":7,"minecraft:climb_one_cm":1246,"minecraft:time_since_rest":2347,"minecraft:sprint_one_cm":398002,"minecraft:damage_taken":1360,"minecraft:walk_one_cm":172510,"minecraft:drop":16,"minecraft:damage_dealt":6793,"minecraft:swim_one_cm":17523,"minecraft:fly_one_cm":657320,"minecraft:open_chest":13,"minecraft:crouch_one_cm":5685,"minecraft:play_time":82624,"minecraft:deaths":2,"minecraft:sneak_time":1922,"minecraft:walk_under_water_one_cm":2850,"minecraft:jump":2809,"minecraft:walk_on_water_one_cm":4665,"minecraft:total_world_time":82624,"minecraft:fall_one_cm":105643}},"DataVersion":3465}