{"stats":{"minecraft:used":{"minecraft:cooked_mutton":2,"minecraft:stone_sword":145,"minecraft:stone_pickaxe":94,"minecraft:wooden_pickaxe":3,"minecraft:blue_bed":9,"minecraft:dirt":11,"variantvanillablocks:spruce_crafting_table":2,"minecraft:bread":9,"minecraft:stone_axe":2,"minecraft:cobblestone":19,"minecraft:cooked_beef":4},"minecraft:crafted":{"variantvanillablocks:spruce_crafting_table":2,"minecraft:spruce_planks":20,"minecraft:wooden_pickaxe":1,"minecraft:stone_axe":1,"minecraft:stick":8,"minecraft:stone_pickaxe":1,"minecraft:stone_sword":2},"minecraft:dropped":{"minecraft:sweet_berries":1,"minecraft:wheat_seeds":6,"minecraft:rotten_flesh":4,"minecraft:warped_roots":1,"minecraft:cornflower":24},"minecraft:killed_by":{"minecraft:player":1,"undead_revamp2:thesmoker":1},"minecraft:killed":{"minecraft:pig":12,"undead_revamp2:thehunter":1,"minecraft:sheep":10,"minecraft:zombie":1,"minecraft:chicken":5,"undead_revamp2:sucker":1,"minecraft:cow":21},"minecraft:picked_up":{"minecraft:pink_petals":8,"minecraft:iron_chestplate":6,"minecraft:feather":7,"minecraft:cooked_beef":5,"minecraft:chicken":14,"minecraft:birch_slab":2,"minecraft:leather":31,"minecraft:wooden_pickaxe":1,"minecraft:cornflower":32,"minecraft:lapis_lazuli":1,"minecraft:blue_bed":11,"minecraft:dirt":17,"variantvanillablocks:spruce_crafting_table":2,"minecraft:cooked_mutton":2,"minecraft:bone":6,"minecraft:wheat_seeds":22,"minecraft:spruce_planks":14,"minecraft:stone_pickaxe":2,"minecraft:beef":87,"minecraft:iron_ingot":13,"minecraft:iron_nugget":32,"minecraft:light_gray_wool":6,"minecraft:birch_sapling":3,"minecraft:book":4,"minecraft:stick":3,"minecraft:raw_iron":78,"minecraft:sweet_berries":45,"travelersbackpack:iron_tier_upgrade":1,"minecraft:porkchop":51,"minecraft:spruce_log":51,"minecraft:spider_eye":1,"minecraft:stone_sword":1,"minecraft:rotten_flesh":11,"minecraft:diamond":1,"minecraft:stone_axe":1,"crittersandcompanions:silk":14,"minecraft:iron_helmet":4,"minecraft:emerald":13,"minecraft:bread":14,"minecraft:warped_roots":1,"minecraft:black_wool":5,"minecraft:mutton":29,"minecraft:coal":50,"minecraft:white_wool":14,"minecraft:cobblestone":64},"minecraft:mined":{"minecraft:powder_snow":22,"minecraft:grass_block":4,"minecraft:tall_grass":5,"minecraft:cobblestone":1,"minecraft:birch_slab":1,"minecraft:spruce_leaves":4,"minecraft:blue_bed":10,"minecraft:pink_petals":1,"minecraft:iron_ore":38,"minecraft:sweet_berry_bush":2,"minecraft:spruce_log":6,"minecraft:birch_leaves":3,"minecraft:grass":22,"minecraft:coal_ore":16,"minecraft:deepslate_iron_ore":2,"crittersandcompanions:silk_cocoon":2,"variantvanillablocks:spruce_crafting_table":1,"minecraft:dirt":9,"minecraft:stone":37,"minecraft:fern":1},"minecraft:custom":{"minecraft:mob_kills":51,"minecraft:animals_bred":1,"minecraft:interact_with_crafting_table":4,"minecraft:interact_with_campfire":6,"minecraft:damage_dealt_resisted":124,"minecraft:leave_game":5,"minecraft:time_since_death":9537,"minecraft:sleep_in_bed":5,"minecraft:time_since_rest":4444,"minecraft:sprint_one_cm":253175,"minecraft:damage_taken":1110,"minecraft:walk_one_cm":131891,"minecraft:drop":12,"minecraft:damage_dealt":4793,"minecraft:swim_one_cm":15696,"minecraft:fly_one_cm":350293,"minecraft:open_chest":8,"minecraft:crouch_one_cm":5249,"minecraft:play_time":58624,"minecraft:deaths":2,"minecraft:sneak_time":1826,"minecraft:walk_under_water_one_cm":2724,"minecraft:jump":1700,"minecraft:walk_on_water_one_cm":4237,"minecraft:total_world_time":58624,"minecraft:fall_one_cm":63855}},"DataVersion":3465}