{"stats":{"minecraft:killed_by":{"undead_revamp2:sucker":1,"minecraft:player":1,"undead_revamp2:the_moonflower":3,"undead_revamp2:thehunter":1,"minecraft:zombie":1,"undead_revamp2:thesmoker":1},"minecraft:dropped":{"minecraft:wheat_seeds":8,"minecraft:feather":2,"minecraft:cobblestone":1,"minecraft:warped_roots":1,"minecraft:apple":3,"minecraft:cracked_stone_bricks":3,"minecraft:birch_slab":1,"minecraft:mushroom_stew":1,"minecraft:cornflower":24,"minecraft:bone":4,"minecraft:kelp":2,"minecraft:sweet_berries":1,"minecraft:birch_sapling":1,"minecraft:rotten_flesh":7,"minecraft:light_gray_wool":2,"minecraft:spruce_planks":5,"minecraft:azalea":1,"minecraft:stone_bricks":1,"minecraft:stone_brick_stairs":1},"minecraft:mined":{"undead_revamp2:arapholia":1,"minecraft:yellow_terracotta":3,"minecraft:spruce_planks":14,"minecraft:cobblestone_stairs":6,"minecraft:grass_block":9,"minecraft:decorated_pot":1,"minecraft:birch_slab":1,"minecraft:spruce_leaves":7,"minecraft:large_fern":2,"minecraft:hay_block":18,"minecraft:magma_block":2,"minecraft:furnace":1,"minecraft:iron_ore":52,"minecraft:cobbled_deepslate":1,"variantvanillablocks:spruce_chest":2,"minecraft:dirt_path":3,"minecraft:deepslate_iron_ore":2,"minecraft:iron_bars":2,"crittersandcompanions:silk_cocoon":2,"variantvanillablocks:spruce_crafting_table":5,"minecraft:azalea_leaves":3,"minecraft:stone":54,"minecraft:scaffolding":1,"travelersbackpack:standard":3,"minecraft:powder_snow":53,"minecraft:oak_fence":1,"minecraft:torch":2,"minecraft:light_gray_terracotta":4,"minecraft:campfire":2,"minecraft:andesite_wall":3,"minecraft:tall_grass":10,"minecraft:cobblestone":4,"minecraft:wall_torch":2,"minecraft:blue_bed":13,"minecraft:pink_petals":1,"minecraft:spruce_stairs":6,"minecraft:coarse_dirt":1,"minecraft:mossy_stone_brick_wall":3,"minecraft:birch_log":6,"minecraft:sweet_berry_bush":2,"minecraft:spruce_log":6,"minecraft:birch_leaves":16,"minecraft:stone_brick_stairs":1,"minecraft:grass":39,"minecraft:oak_log":4,"minecraft:coal_ore":32,"minecraft:sand":12,"minecraft:dirt":21,"minecraft:cobweb":1,"minecraft:cracked_stone_bricks":2,"minecraft:stone_bricks":8,"minecraft:oak_leaves":26,"minecraft:deepslate":2,"minecraft:iron_trapdoor":2,"minecraft:fern":1},"minecraft:used":{"minecraft:iron_bars":1,"minecraft:stone_sword":360,"minecraft:stone_shovel":36,"minecraft:spruce_planks":12,"minecraft:torch":4,"minecraft:dirt":25,"minecraft:spruce_stairs":2,"minecraft:carrot":3,"minecraft:spruce_boat":2,"variantvanillablocks:spruce_crafting_table":6,"minecraft:scaffolding":1,"minecraft:furnace":2,"minecraft:cooked_beef":13,"minecraft:cobbled_deepslate":3,"minecraft:mossy_stone_brick_wall":2,"minecraft:cooked_mutton":2,"minecraft:cobblestone_stairs":6,"minecraft:stone_pickaxe":193,"minecraft:wooden_pickaxe":3,"minecraft:blue_bed":13,"minecraft:oak_log":1,"minecraft:bread":39,"minecraft:stone_axe":57,"minecraft:cobblestone":27,"travelersbackpack:standard":3,"variantvanillablocks:spruce_chest":4,"minecraft:cooked_porkchop":8,"minecraft:coarse_dirt":1},"minecraft:crafted":{"minecraft:furnace":1,"variantvanillablocks:spruce_chest":3,"minecraft:glass":12,"travelersbackpack:white_sleeping_bag":1,"minecraft:stone_pickaxe":2,"minecraft:spruce_boat":2,"minecraft:wheat":162,"minecraft:cooked_beef":64,"variantvanillablocks:spruce_crafting_table":2,"minecraft:spruce_planks":108,"travelersbackpack:standard":1,"travelersbackpack:backpack_tank":2,"minecraft:wooden_pickaxe":1,"minecraft:stone_axe":1,"minecraft:bread":54,"minecraft:air":0,"minecraft:stick":12,"minecraft:iron_ingot":37,"minecraft:iron_pickaxe":1,"minecraft:stone_sword":3},"minecraft:killed":{"undead_revamp2:thewolf":1,"undead_revamp2:thehunter":4,"minecraft:skeleton":3,"minecraft:chicken":6,"undead_revamp2:thebidy":2,"undead_revamp2:sucker":1,"minecraft:pig":15,"minecraft:zombie_villager":1,"undead_revamp2:the_moonflower":4,"minecraft:sheep":10,"minecraft:pillager":2,"undead_revamp2:thesomnolence":1,"minecraft:zombie":13,"minecraft:cow":41},"minecraft:custom":{"minecraft:mob_kills":104,"minecraft:animals_bred":1,"minecraft:interact_with_crafting_table":22,"minecraft:open_barrel":3,"minecraft:interact_with_campfire":14,"minecraft:damage_dealt_resisted":295,"minecraft:eat_cake_slice":5,"minecraft:leave_game":10,"minecraft:time_since_death":16556,"minecraft:climb_one_cm":1452,"minecraft:sprint_one_cm":655015,"minecraft:walk_one_cm":368705,"minecraft:drop":34,"minecraft:play_time":193133,"minecraft:deaths":8,"minecraft:sneak_time":6468,"minecraft:walk_under_water_one_cm":3992,"minecraft:boat_one_cm":147195,"minecraft:jump":4511,"minecraft:walk_on_water_one_cm":8171,"minecraft:total_world_time":193133,"minecraft:interact_with_furnace":20,"minecraft:sleep_in_bed":10,"minecraft:time_since_rest":16591,"minecraft:damage_taken":5434,"minecraft:damage_dealt":12652,"minecraft:swim_one_cm":38502,"minecraft:fly_one_cm":1035613,"minecraft:open_chest":48,"minecraft:crouch_one_cm":15939,"minecraft:fall_one_cm":156247,"minecraft:horse_one_cm":2239},"minecraft:broken":{"minecraft:stone_sword":2,"minecraft:stone_pickaxe":1},"minecraft:picked_up":{"minecraft:charcoal":4,"minecraft:coarse_dirt":1,"minecraft:iron_chestplate":6,"minecraft:iron_trapdoor":2,"minecraft:chicken":45,"minecraft:wooden_pickaxe":1,"minecraft:stone_brick_stairs":1,"minecraft:cornflower":32,"minecraft:string":6,"variantvanillablocks:spruce_crafting_table":12,"minecraft:cracked_stone_bricks":4,"minecraft:cobbled_deepslate":4,"minecraft:spruce_planks":362,"minecraft:beef":108,"minecraft:azalea":1,"minecraft:iron_nugget":361,"minecraft:light_gray_wool":6,"minecraft:birch_sapling":5,"minecraft:furnace":1,"minecraft:stick":16,"minecraft:raw_iron":137,"minecraft:torch":4,"minecraft:spruce_stairs":33,"travelersbackpack:iron_tier_upgrade":7,"minecraft:porkchop":71,"minecraft:carrot":5,"minecraft:andesite_wall":2,"minecraft:stone_shovel":2,"minecraft:stone_sword":9,"minecraft:arrow":9,"minecraft:rotten_flesh":62,"crittersandcompanions:silk":14,"variantvanillablocks:spruce_chest":2,"minecraft:hay_block":18,"minecraft:mutton":29,"undead_revamp2:arapholia":1,"minecraft:iron_bars":6,"minecraft:white_wool":15,"minecraft:cobblestone":122,"minecraft:birch_log":6,"minecraft:pink_petals":8,"minecraft:magma_block":2,"minecraft:leather_chestplate":1,"minecraft:feather":9,"minecraft:cooked_beef":63,"minecraft:birch_slab":2,"minecraft:leather":45,"minecraft:oak_log":4,"minecraft:chainmail_chestplate":3,"undead_revamp2:huntereye":6,"minecraft:cobblestone_stairs":6,"minecraft:lapis_lazuli":7,"minecraft:blue_bed":14,"minecraft:dirt":33,"minecraft:cooked_mutton":2,"minecraft:bone":19,"minecraft:stone_bricks":3,"minecraft:kelp":2,"minecraft:wheat_seeds":24,"minecraft:stone_pickaxe":8,"minecraft:iron_ingot":355,"minecraft:mossy_stone_brick_wall":3,"minecraft:book":18,"minecraft:scaffolding":1,"minecraft:cooked_porkchop":8,"minecraft:sweet_berries":45,"minecraft:sand":12,"minecraft:spruce_sapling":1,"minecraft:spruce_log":51,"minecraft:spider_eye":1,"minecraft:leather_helmet":1,"travelersbackpack:standard":4,"minecraft:diamond":26,"minecraft:stone_axe":7,"minecraft:iron_helmet":5,"minecraft:emerald":73,"minecraft:bread":253,"minecraft:warped_roots":1,"minecraft:oak_sapling":4,"minecraft:black_wool":5,"minecraft:coal":100}},"DataVersion":3465}