{"stats":{"minecraft:killed":{"minecraft:pig":2,"minecraft:sheep":15,"minecraft:chicken":4,"minecraft:cow":1},"minecraft:crafted":{"variantvanillablocks:spruce_crafting_table":1,"minecraft:spruce_planks":20,"minecraft:wooden_pickaxe":1,"minecraft:cooked_chicken":4,"minecraft:furnace":2,"minecraft:stone_axe":1,"minecraft:acacia_boat":1,"minecraft:cooked_mutton":3,"minecraft:air":0,"minecraft:iron_chestplate":1,"minecraft:iron_axe":1,"minecraft:stick":20,"minecraft:iron_ingot":17,"minecraft:iron_pickaxe":1,"minecraft:stone_pickaxe":2,"minecraft:wooden_axe":1,"minecraft:acacia_planks":32},"minecraft:mined":{"minecraft:torch":2,"minecraft:acacia_log":8,"minecraft:tall_grass":6,"minecraft:spruce_leaves":2,"minecraft:wall_torch":4,"minecraft:purple_bed":2,"minecraft:furnace":2,"minecraft:iron_ore":32,"minecraft:sweet_berry_bush":6,"minecraft:spruce_log":8,"minecraft:pumpkin":1,"minecraft:grass":17,"minecraft:coal_ore":60,"crittersandcompanions:silk_cocoon":2,"variantvanillablocks:spruce_crafting_table":3,"minecraft:stone":62},"minecraft:picked_up":{"minecraft:iron_chestplate":2,"minecraft:feather":5,"minecraft:chicken":4,"minecraft:cornflower":1,"variantvanillablocks:spruce_crafting_table":3,"minecraft:cooked_mutton":5,"minecraft:blue_orchid":2,"minecraft:wheat_seeds":1,"minecraft:rabbit_hide":3,"minecraft:iron_ingot":2,"minecraft:iron_nugget":4,"minecraft:furnace":2,"minecraft:raw_iron":47,"minecraft:cooked_porkchop":6,"minecraft:pumpkin":1,"minecraft:sweet_berries":14,"minecraft:torch":6,"minecraft:acacia_log":8,"minecraft:porkchop":6,"minecraft:spruce_log":7,"minecraft:spider_eye":1,"minecraft:purple_bed":2,"crittersandcompanions:silk":9,"minecraft:gray_wool":1,"minecraft:baked_potato":3,"minecraft:black_wool":1,"minecraft:mutton":18,"minecraft:coal":115,"minecraft:white_wool":13,"minecraft:cobblestone":62},"minecraft:dropped":{"minecraft:iron_sword":1,"minecraft:wheat_seeds":1,"minecraft:filled_map":1,"minecraft:wooden_axe":1,"minecraft:map":2,"minecraft:pumpkin":1,"minecraft:wooden_pickaxe":1,"minecraft:stone_pickaxe":1},"minecraft:used":{"minecraft:acacia_boat":1,"minecraft:stone_pickaxe":121,"minecraft:baked_potato":1,"minecraft:wooden_pickaxe":45,"minecraft:torch":5,"minecraft:spruce_log":2,"variantvanillablocks:spruce_crafting_table":3,"minecraft:wooden_axe":56,"minecraft:cornflower":1,"minecraft:apple":3,"minecraft:blue_orchid":2,"minecraft:map":1,"minecraft:stone_axe":12,"minecraft:purple_bed":1,"minecraft:furnace":2,"minecraft:cooked_porkchop":1,"minecraft:pumpkin_pie":1},"minecraft:custom":{"minecraft:interact_with_furnace":10,"minecraft:mob_kills":22,"minecraft:interact_with_crafting_table":8,"minecraft:interact_with_campfire":11,"minecraft:leave_game":1,"minecraft:time_since_death":25963,"minecraft:sleep_in_bed":2,"minecraft:climb_one_cm":379,"minecraft:time_since_rest":2706,"minecraft:sprint_one_cm":83245,"minecraft:damage_taken":60,"minecraft:walk_one_cm":51058,"minecraft:drop":9,"minecraft:damage_dealt":1610,"minecraft:fly_one_cm":130044,"minecraft:open_chest":3,"minecraft:crouch_one_cm":40,"minecraft:play_time":25963,"minecraft:sneak_time":6,"minecraft:boat_one_cm":22185,"minecraft:jump":614,"minecraft:walk_on_water_one_cm":2635,"minecraft:total_world_time":25963,"minecraft:fall_one_cm":21021}},"DataVersion":3465}