{"stats":{"minecraft:killed":{"minecraft:pig":6,"minecraft:horse":1,"minecraft:sheep":17,"minecraft:chicken":4,"minecraft:cow":24},"minecraft:crafted":{"minecraft:cooked_beef":6,"minecraft:stone_shovel":1,"minecraft:cooked_porkchop":9,"variantvanillablocks:spruce_crafting_table":1,"minecraft:spruce_planks":20,"travelersbackpack:backpack_tank":2,"minecraft:wooden_pickaxe":1,"travelersbackpack:standard":1,"minecraft:cooked_chicken":4,"minecraft:furnace":2,"minecraft:stone_axe":1,"minecraft:acacia_boat":1,"minecraft:cooked_mutton":13,"minecraft:air":0,"minecraft:glass":15,"variantvanillablocks:acacia_chest":1,"travelersbackpack:white_sleeping_bag":1,"minecraft:iron_chestplate":1,"minecraft:iron_axe":1,"minecraft:stick":20,"minecraft:iron_ingot":17,"minecraft:iron_pickaxe":1,"minecraft:stone_pickaxe":2,"minecraft:wooden_axe":1,"minecraft:acacia_planks":32},"minecraft:mined":{"minecraft:torch":3,"minecraft:acacia_log":8,"minecraft:tall_grass":12,"minecraft:spruce_leaves":2,"minecraft:wall_torch":4,"minecraft:purple_bed":4,"minecraft:furnace":4,"minecraft:iron_ore":32,"minecraft:sweet_berry_bush":6,"minecraft:spruce_log":8,"minecraft:pumpkin":1,"minecraft:grass":21,"minecraft:coal_ore":60,"minecraft:sand":37,"crittersandcompanions:silk_cocoon":2,"variantvanillablocks:spruce_crafting_table":6,"minecraft:stone":62,"minecraft:fern":1},"minecraft:picked_up":{"minecraft:iron_chestplate":2,"minecraft:feather":5,"minecraft:chicken":4,"minecraft:leather":13,"minecraft:cornflower":1,"variantvanillablocks:spruce_crafting_table":6,"minecraft:cooked_mutton":5,"minecraft:glass":1,"minecraft:blue_orchid":2,"minecraft:wheat_seeds":2,"minecraft:rabbit_hide":3,"minecraft:beef":44,"minecraft:iron_ingot":2,"minecraft:iron_nugget":4,"minecraft:light_gray_wool":1,"minecraft:egg":1,"minecraft:furnace":4,"minecraft:raw_iron":47,"minecraft:cooked_porkchop":6,"minecraft:pumpkin":1,"minecraft:sweet_berries":14,"minecraft:torch":7,"minecraft:acacia_log":8,"minecraft:sand":56,"minecraft:porkchop":15,"minecraft:spruce_log":7,"minecraft:spider_eye":1,"minecraft:purple_bed":4,"crittersandcompanions:silk":9,"minecraft:gray_wool":1,"minecraft:baked_potato":3,"minecraft:black_wool":1,"minecraft:mutton":21,"minecraft:coal":163,"minecraft:white_wool":14,"minecraft:cobblestone":62},"minecraft:dropped":{"minecraft:iron_sword":1,"minecraft:wheat_seeds":1,"minecraft:iron_nugget":4,"minecraft:feather":5,"crittersandcompanions:silk":9,"minecraft:filled_map":1,"minecraft:gray_wool":1,"minecraft:wooden_axe":1,"minecraft:map":2,"minecraft:spider_eye":1,"minecraft:pumpkin":1,"minecraft:wooden_pickaxe":1,"minecraft:stone_pickaxe":1,"minecraft:black_wool":1},"minecraft:used":{"minecraft:acacia_boat":1,"minecraft:stone_shovel":36,"minecraft:stone_pickaxe":123,"minecraft:baked_potato":1,"minecraft:wooden_pickaxe":45,"minecraft:torch":6,"minecraft:spruce_log":2,"variantvanillablocks:spruce_crafting_table":6,"minecraft:wooden_axe":56,"minecraft:cornflower":1,"minecraft:apple":3,"minecraft:blue_orchid":2,"minecraft:map":1,"minecraft:stone_axe":71,"travelersbackpack:standard":3,"minecraft:purple_bed":3,"minecraft:furnace":4,"minecraft:cooked_porkchop":2,"minecraft:pumpkin_pie":1},"minecraft:custom":{"minecraft:interact_with_furnace":26,"minecraft:mob_kills":52,"minecraft:interact_with_crafting_table":19,"minecraft:open_barrel":3,"minecraft:interact_with_campfire":11,"minecraft:leave_game":1,"minecraft:time_since_death":49963,"minecraft:sleep_in_bed":4,"minecraft:climb_one_cm":379,"minecraft:time_since_rest":1308,"minecraft:sprint_one_cm":113890,"minecraft:damage_taken":100,"minecraft:walk_one_cm":76878,"minecraft:drop":22,"minecraft:damage_dealt":4679,"minecraft:swim_one_cm":7469,"minecraft:fly_one_cm":219050,"minecraft:open_chest":3,"minecraft:crouch_one_cm":445,"minecraft:play_time":49963,"minecraft:sneak_time":126,"minecraft:walk_under_water_one_cm":796,"minecraft:boat_one_cm":22185,"minecraft:jump":926,"minecraft:walk_on_water_one_cm":3650,"minecraft:total_world_time":49963,"minecraft:fall_one_cm":26354}},"DataVersion":3465}