{"stats":{"minecraft:used":{"minecraft:acacia_boat":1,"minecraft:spruce_slab":2,"minecraft:stone_pickaxe":135,"minecraft:stone_shovel":36,"minecraft:oak_planks":4,"minecraft:baked_potato":1,"minecraft:wooden_pickaxe":45,"minecraft:torch":8,"minecraft:dirt":2,"variantvanillablocks:acacia_chest":3,"minecraft:spruce_log":2,"variantvanillablocks:spruce_crafting_table":10,"minecraft:cornflower":1,"minecraft:wooden_axe":56,"minecraft:apple":4,"minecraft:bread":2,"minecraft:blue_orchid":2,"minecraft:map":1,"minecraft:stone_axe":201,"minecraft:purple_bed":6,"travelersbackpack:standard":3,"minecraft:furnace":6,"minecraft:cooked_porkchop":9,"minecraft:bucket":1,"minecraft:pumpkin_pie":1,"minecraft:dandelion":1,"minecraft:cherry_log":2},"minecraft:dropped":{"minecraft:iron_sword":1,"minecraft:wheat_seeds":2,"minecraft:iron_nugget":4,"minecraft:feather":5,"crittersandcompanions:silk":9,"minecraft:filled_map":1,"minecraft:gray_wool":1,"minecraft:spruce_trapdoor":2,"minecraft:wooden_axe":1,"minecraft:oak_sapling":2,"minecraft:map":2,"minecraft:spider_eye":1,"minecraft:pumpkin":1,"minecraft:stone_pickaxe":1,"minecraft:wooden_pickaxe":1,"minecraft:black_wool":1},"minecraft:crafted":{"minecraft:cooked_beef":6,"minecraft:oak_planks":4,"minecraft:stone_shovel":1,"minecraft:cooked_porkchop":9,"variantvanillablocks:spruce_crafting_table":1,"minecraft:spruce_planks":20,"travelersbackpack:backpack_tank":2,"minecraft:wooden_pickaxe":1,"minecraft:cooked_chicken":4,"travelersbackpack:standard":1,"minecraft:furnace":2,"minecraft:bucket":1,"minecraft:stone_axe":3,"minecraft:acacia_boat":1,"minecraft:cooked_mutton":13,"minecraft:air":0,"minecraft:glass":15,"variantvanillablocks:acacia_chest":3,"travelersbackpack:white_sleeping_bag":1,"minecraft:iron_chestplate":1,"minecraft:iron_axe":1,"minecraft:stick":20,"minecraft:iron_ingot":17,"minecraft:iron_pickaxe":1,"minecraft:stone_pickaxe":2,"minecraft:wooden_axe":1,"minecraft:acacia_planks":32,"minecraft:torch":48},"minecraft:killed":{"minecraft:pig":12,"minecraft:sheep":17,"minecraft:horse":3,"minecraft:chicken":4,"minecraft:cow":42},"minecraft:broken":{"minecraft:stone_axe":1},"minecraft:picked_up":{"minecraft:iron_chestplate":2,"minecraft:feather":5,"minecraft:chicken":5,"minecraft:leather":25,"minecraft:cornflower":1,"minecraft:dirt":2,"variantvanillablocks:spruce_crafting_table":9,"minecraft:cooked_mutton":5,"minecraft:glass":1,"minecraft:blue_orchid":2,"minecraft:apple":1,"minecraft:stone_bricks":3,"minecraft:wheat_seeds":4,"minecraft:rabbit_hide":3,"minecraft:iron_ingot":2,"minecraft:beef":78,"minecraft:stripped_oak_wood":1,"variantvanillablocks:acacia_chest":1,"minecraft:iron_nugget":4,"minecraft:spruce_slab":2,"minecraft:light_gray_wool":1,"minecraft:spruce_trapdoor":2,"minecraft:stick":4,"minecraft:furnace":4,"minecraft:egg":1,"minecraft:raw_iron":49,"minecraft:cooked_porkchop":6,"minecraft:pumpkin":1,"minecraft:sweet_berries":29,"minecraft:dandelion":1,"minecraft:torch":7,"minecraft:acacia_log":8,"minecraft:porkchop":25,"minecraft:sand":56,"minecraft:cherry_log":19,"minecraft:spruce_log":7,"minecraft:spider_eye":1,"minecraft:iron_helmet":1,"minecraft:purple_bed":6,"minecraft:hay_block":31,"crittersandcompanions:silk":9,"minecraft:gray_wool":1,"minecraft:andesite_slab":1,"minecraft:baked_potato":3,"minecraft:oak_sapling":2,"minecraft:black_wool":1,"minecraft:mutton":21,"minecraft:coal":163,"minecraft:white_wool":14,"minecraft:cobblestone":63},"minecraft:mined":{"minecraft:candle":1,"minecraft:cherry_log":19,"minecraft:spruce_trapdoor":5,"minecraft:torch":3,"minecraft:acacia_log":8,"minecraft:grass_block":1,"minecraft:andesite_slab":1,"minecraft:tall_grass":16,"minecraft:cobblestone":1,"minecraft:spruce_leaves":3,"minecraft:wall_torch":4,"minecraft:spruce_stairs":2,"minecraft:hay_block":32,"minecraft:purple_bed":6,"minecraft:furnace":4,"minecraft:fire":67,"minecraft:iron_ore":35,"minecraft:sweet_berry_bush":13,"minecraft:spruce_log":8,"minecraft:stripped_oak_wood":1,"minecraft:pumpkin":1,"variantvanillablocks:acacia_chest":1,"minecraft:grass":26,"minecraft:oak_log":2,"minecraft:coal_ore":60,"minecraft:deepslate_iron_ore":2,"minecraft:cherry_leaves":7,"minecraft:dirt":1,"variantvanillablocks:spruce_crafting_table":9,"crittersandcompanions:silk_cocoon":2,"minecraft:sand":37,"minecraft:stone_bricks":3,"minecraft:stone":62,"minecraft:spruce_slab":2,"minecraft:oak_leaves":7,"minecraft:fern":3},"minecraft:custom":{"minecraft:interact_with_furnace":30,"minecraft:mob_kills":78,"minecraft:interact_with_crafting_table":22,"minecraft:open_barrel":9,"minecraft:interact_with_campfire":11,"minecraft:leave_game":2,"minecraft:time_since_death":88012,"minecraft:sleep_in_bed":7,"minecraft:climb_one_cm":977,"minecraft:time_since_rest":2347,"minecraft:sprint_one_cm":240217,"minecraft:damage_taken":511,"minecraft:walk_one_cm":179936,"minecraft:drop":27,"minecraft:damage_dealt":7618,"minecraft:swim_one_cm":14116,"minecraft:fly_one_cm":437693,"minecraft:open_chest":28,"minecraft:crouch_one_cm":1394,"minecraft:play_time":88012,"minecraft:sneak_time":398,"minecraft:walk_under_water_one_cm":1494,"minecraft:boat_one_cm":22185,"minecraft:jump":1852,"minecraft:walk_on_water_one_cm":4278,"minecraft:total_world_time":88012,"minecraft:fall_one_cm":55979,"minecraft:horse_one_cm":231817}},"DataVersion":3465}