{"stats":{"minecraft:killed_by":{"minecraft:zombie_villager":1,"undead_revamp2:sucker":1,"minecraft:pillager":1,"minecraft:zombie":9,"undead_revamp2:thehunter":1},"minecraft:dropped":{"minecraft:iron_sword":1,"minecraft:mossy_stone_brick_stairs":1,"minecraft:iron_nugget":4,"minecraft:birch_sapling":1,"minecraft:rotten_flesh":14,"minecraft:gunpowder":1,"minecraft:stone_brick_wall":2,"minecraft:stone_brick_stairs":1,"minecraft:egg":2,"minecraft:oak_slab":3,"minecraft:wheat_seeds":9,"minecraft:oak_fence":1,"minecraft:feather":5,"minecraft:cobblestone":1,"minecraft:gray_wool":1,"minecraft:wooden_axe":2,"minecraft:map":2,"minecraft:pumpkin":1,"minecraft:string":1,"minecraft:stone_brick_slab":1,"minecraft:kelp":1,"crittersandcompanions:silk":9,"minecraft:filled_map":1,"minecraft:spruce_trapdoor":2,"minecraft:oak_sapling":2,"minecraft:spider_eye":2,"minecraft:stone_bricks":9,"minecraft:stone_pickaxe":1,"minecraft:wooden_pickaxe":1,"minecraft:black_wool":1},"minecraft:mined":{"minecraft:dark_oak_planks":8,"minecraft:cherry_log":19,"minecraft:spruce_trapdoor":5,"minecraft:acacia_log":8,"minecraft:grass_block":6,"minecraft:stone_brick_wall":2,"minecraft:oak_pressure_plate":1,"minecraft:composter":1,"minecraft:tall_seagrass":2,"minecraft:iron_ore":55,"minecraft:fire":67,"minecraft:pumpkin":1,"minecraft:potted_dandelion":1,"minecraft:oak_stairs":7,"minecraft:spruce_slab":3,"minecraft:powder_snow":2,"minecraft:torch":4,"minecraft:cobblestone":15,"minecraft:oak_planks":44,"minecraft:wall_torch":6,"minecraft:wheat":16,"minecraft:stripped_oak_wood":2,"minecraft:stone_brick_stairs":1,"minecraft:grass":72,"minecraft:oak_log":34,"minecraft:sand":37,"minecraft:dirt":18,"minecraft:oak_leaves":26,"minecraft:deepslate":4,"minecraft:red_carpet":2,"minecraft:tuff":2,"minecraft:mossy_cobblestone":2,"minecraft:candle":1,"minecraft:spruce_fence":5,"travelersbackpack:white_sleeping_bag":3,"minecraft:spruce_leaves":3,"minecraft:kelp":5,"minecraft:hay_block":161,"minecraft:furnace":7,"minecraft:carrots":1,"minecraft:green_terracotta":4,"minecraft:mossy_stone_brick_stairs":1,"minecraft:deepslate_iron_ore":6,"variantvanillablocks:spruce_crafting_table":10,"crittersandcompanions:silk_cocoon":2,"minecraft:stripped_oak_log":5,"minecraft:stone":295,"minecraft:oak_slab":5,"minecraft:stone_brick_slab":1,"travelersbackpack:standard":9,"minecraft:oak_fence":2,"minecraft:crafting_table":4,"minecraft:andesite_slab":1,"minecraft:tall_grass":34,"minecraft:spruce_stairs":5,"minecraft:purple_bed":6,"minecraft:coarse_dirt":2,"minecraft:stripped_spruce_wood":3,"minecraft:sweet_berry_bush":14,"minecraft:spruce_log":8,"minecraft:birch_leaves":4,"variantvanillablocks:acacia_chest":1,"minecraft:coal_ore":60,"minecraft:cherry_leaves":7,"minecraft:gravel":2,"minecraft:stone_bricks":20,"minecraft:mossy_stone_bricks":2,"minecraft:fern":4,"undead_revamp2:arapholia":1},"minecraft:used":{"minecraft:spruce_slab":3,"minecraft:chest":4,"minecraft:green_terracotta":4,"minecraft:carrot":6,"minecraft:tuff":2,"minecraft:milk_bucket":1,"minecraft:obsidian":13,"variantvanillablocks:spruce_crafting_table":11,"minecraft:lava_bucket":1,"minecraft:blue_orchid":2,"minecraft:stone_bricks":7,"minecraft:bow":114,"minecraft:brown_carpet":2,"minecraft:furnace":11,"minecraft:stripped_spruce_wood":1,"minecraft:mossy_stone_bricks":1,"minecraft:leather_leggings":1,"minecraft:stone_pickaxe":470,"minecraft:oak_planks":91,"minecraft:wooden_pickaxe":45,"minecraft:leather_chestplate":1,"minecraft:composter":1,"minecraft:cookie":3,"minecraft:bread":4,"minecraft:string":1,"minecraft:oak_pressure_plate":1,"minecraft:oak_boat":1,"minecraft:coarse_dirt":2,"minecraft:oak_fence":1,"minecraft:stone_sword":160,"minecraft:stone_shovel":36,"minecraft:stone_hoe":11,"minecraft:cooked_chicken":4,"minecraft:torch":63,"minecraft:dirt":17,"minecraft:spruce_stairs":3,"minecraft:wooden_axe":60,"minecraft:dark_oak_planks":60,"minecraft:oak_stairs":4,"undead_revamp2:huntereye":3,"undead_revamp2:arapholia":2,"minecraft:cooked_beef":35,"minecraft:cobbled_deepslate":4,"minecraft:cherry_log":2,"minecraft:acacia_boat":1,"minecraft:water_bucket":1,"minecraft:baked_potato":1,"minecraft:leather_boots":1,"minecraft:gold_ore":2,"minecraft:mossy_cobblestone":2,"minecraft:oak_slab":13,"minecraft:crafting_table":6,"variantvanillablocks:acacia_chest":3,"minecraft:cod":1,"minecraft:spruce_log":2,"minecraft:oak_log":2,"minecraft:cornflower":1,"minecraft:apple":7,"minecraft:map":1,"minecraft:stone_axe":414,"minecraft:cobblestone":95,"travelersbackpack:standard":18,"minecraft:purple_bed":6,"minecraft:cooked_porkchop":14,"minecraft:bucket":2,"minecraft:black_candle":1,"minecraft:pumpkin_pie":1,"minecraft:stripped_oak_log":1,"minecraft:dandelion":1},"minecraft:crafted":{"minecraft:oak_planks":132,"travelersbackpack:crafting_upgrade":1,"minecraft:cooked_chicken":13,"minecraft:cooked_mutton":13,"minecraft:glass":36,"minecraft:bow":1,"minecraft:chest":4,"minecraft:stone_hoe":1,"minecraft:oak_slab":12,"travelersbackpack:iron_tier_upgrade":1,"minecraft:emerald":17,"minecraft:cooked_porkchop":17,"variantvanillablocks:spruce_crafting_table":2,"minecraft:crafting_table":3,"minecraft:spruce_planks":56,"minecraft:wooden_pickaxe":1,"travelersbackpack:standard":1,"minecraft:apple":48,"minecraft:iron_chestplate":1,"minecraft:stick":56,"minecraft:iron_ingot":33,"minecraft:iron_pickaxe":1,"minecraft:stone_sword":1,"minecraft:cookie":18,"minecraft:stone_shovel":1,"minecraft:leather_leggings":1,"minecraft:leather_boots":1,"minecraft:furnace":4,"travelersbackpack:blank_upgrade":4,"variantvanillablocks:spruce_chest":2,"variantvanillablocks:acacia_chest":3,"travelersbackpack:white_sleeping_bag":1,"minecraft:iron_axe":1,"minecraft:stone_pickaxe":5,"minecraft:dark_oak_planks":52,"minecraft:wheat":387,"minecraft:cooked_beef":85,"travelersbackpack:backpack_tank":4,"minecraft:bucket":1,"minecraft:stone_axe":4,"minecraft:acacia_boat":1,"minecraft:bread":36,"minecraft:air":0,"minecraft:oak_boat":1,"minecraft:wooden_axe":2,"minecraft:acacia_planks":32,"minecraft:torch":48},"minecraft:killed":{"minecraft:spider":5,"minecraft:cod":2,"undead_revamp2:theswarmer":1,"minecraft:skeleton":2,"minecraft:chicken":13,"undead_revamp2:thepregnant":1,"minecraft:pig":31,"minecraft:zombie_villager":1,"minecraft:creeper":1,"minecraft:sheep":32,"minecraft:pillager":22,"minecraft:zombie":12,"minecraft:cow":54,"undead_revamp2:thehunter":7,"minecraft:horse":3,"undead_revamp2:sucker":1,"undead_revamp2:the_moonflower":2},"minecraft:custom":{"minecraft:interact_with_crafting_table":49,"minecraft:open_barrel":16,"minecraft:eat_cake_slice":1,"minecraft:leave_game":5,"minecraft:time_since_death":24653,"minecraft:sprint_one_cm":581522,"minecraft:drop":63,"minecraft:talked_to_villager":17,"minecraft:play_time":246419,"minecraft:deaths":15,"minecraft:jump":4212,"minecraft:walk_on_water_one_cm":24335,"minecraft:interact_with_furnace":74,"minecraft:traded_with_villager":36,"minecraft:sleep_in_bed":14,"minecraft:damage_dealt":17716,"minecraft:crouch_one_cm":28678,"minecraft:horse_one_cm":231817,"minecraft:mob_kills":191,"minecraft:interact_with_campfire":11,"minecraft:damage_dealt_resisted":108,"minecraft:climb_one_cm":5411,"minecraft:walk_one_cm":556275,"minecraft:sneak_time":11371,"minecraft:walk_under_water_one_cm":31896,"minecraft:boat_one_cm":70290,"minecraft:total_world_time":246419,"minecraft:time_since_rest":11339,"minecraft:damage_taken":8248,"minecraft:swim_one_cm":126982,"minecraft:fly_one_cm":980856,"minecraft:open_chest":115,"minecraft:fall_one_cm":128507},"minecraft:broken":{"minecraft:stone_pickaxe":1,"minecraft:stone_axe":3,"minecraft:stone_sword":1,"minecraft:leather_chestplate":1,"minecraft:leather_boots":1},"minecraft:picked_up":{"minecraft:wooden_axe":1,"minecraft:iron_chestplate":7,"minecraft:wheat":323,"minecraft:chainmail_boots":2,"minecraft:sentry_armor_trim_smithing_template":2,"minecraft:oak_stairs":7,"minecraft:stone_brick_stairs":1,"minecraft:string":4,"minecraft:experience_bottle":1,"minecraft:cobbled_deepslate":7,"minecraft:iron_pickaxe":1,"minecraft:furnace":9,"minecraft:stick":4,"minecraft:composter":1,"minecraft:oak_fence":2,"minecraft:torch":119,"minecraft:acacia_log":8,"minecraft:spruce_stairs":3,"minecraft:porkchop":77,"minecraft:cherry_log":19,"minecraft:green_terracotta":4,"minecraft:brown_carpet":2,"minecraft:stone_sword":5,"minecraft:rotten_flesh":30,"undead_revamp2:arapholia":3,"minecraft:cod":1,"minecraft:cobblestone":305,"minecraft:leather_chestplate":5,"minecraft:feather":42,"minecraft:cooked_beef":128,"minecraft:potato":14,"minecraft:tuff":3,"minecraft:stripped_spruce_wood":5,"undead_revamp2:huntereye":3,"minecraft:dirt":18,"minecraft:leather_boots":3,"minecraft:glass":1,"minecraft:bone":3,"minecraft:bow":6,"minecraft:wheat_seeds":51,"minecraft:raw_gold":1,"minecraft:mossy_stone_bricks":1,"minecraft:rabbit":21,"minecraft:oak_planks":71,"minecraft:stone_hoe":4,"minecraft:mossy_stone_brick_stairs":1,"minecraft:cooked_porkchop":30,"minecraft:oak_pressure_plate":1,"minecraft:sand":56,"minecraft:dark_oak_log":13,"minecraft:mossy_cobblestone":2,"minecraft:bread":62,"minecraft:oak_sapling":2,"minecraft:andesite_slab":1,"minecraft:coarse_dirt":2,"minecraft:crafting_table":6,"minecraft:allium":1,"minecraft:chicken":30,"minecraft:clay_ball":3,"minecraft:leather_leggings":3,"minecraft:stone_brick_wall":2,"minecraft:cornflower":1,"minecraft:flint_and_steel":2,"variantvanillablocks:spruce_crafting_table":10,"minecraft:blue_orchid":2,"minecraft:beef":224,"minecraft:iron_nugget":4,"minecraft:spruce_slab":3,"variantvanillablocks:acacia_chest":1,"minecraft:light_gray_wool":1,"minecraft:birch_sapling":1,"minecraft:spruce_trapdoor":2,"minecraft:egg":14,"minecraft:raw_iron":96,"minecraft:copper_ingot":1,"minecraft:cookie":50,"minecraft:dark_oak_planks":8,"minecraft:arrow":89,"crittersandcompanions:silk":9,"minecraft:hay_block":279,"minecraft:gold_ingot":8,"minecraft:mutton":99,"minecraft:white_wool":59,"minecraft:stripped_oak_log":5,"minecraft:leather":35,"minecraft:oak_log":30,"minecraft:gunpowder":1,"minecraft:cooked_mutton":5,"minecraft:red_carpet":2,"minecraft:apple":1,"minecraft:stone_bricks":19,"minecraft:kelp":5,"minecraft:rabbit_hide":3,"minecraft:iron_ingot":40,"minecraft:stone_pickaxe":6,"minecraft:cooked_chicken":4,"minecraft:stripped_oak_wood":1,"minecraft:iron_sword":1,"minecraft:oak_slab":4,"minecraft:black_candle":1,"minecraft:pumpkin":1,"minecraft:sweet_berries":32,"minecraft:stone_brick_slab":1,"minecraft:dandelion":1,"minecraft:lava_bucket":1,"minecraft:spruce_log":7,"minecraft:spider_eye":2,"travelersbackpack:standard":9,"minecraft:purple_bed":6,"minecraft:slime_ball":6,"minecraft:stone_axe":6,"minecraft:iron_helmet":2,"minecraft:gray_wool":1,"minecraft:baked_potato":4,"minecraft:black_wool":2,"minecraft:coal":288}},"DataVersion":3465}