{"stats":{"minecraft:used":{"minecraft:stone_shovel":36,"minecraft:spruce_slab":2,"minecraft:torch":12,"minecraft:dirt":10,"minecraft:obsidian":13,"variantvanillablocks:spruce_crafting_table":11,"minecraft:wooden_axe":56,"minecraft:blue_orchid":2,"minecraft:furnace":6,"undead_revamp2:arapholia":2,"minecraft:cherry_log":2,"minecraft:acacia_boat":1,"minecraft:stone_pickaxe":163,"minecraft:baked_potato":1,"minecraft:oak_planks":4,"minecraft:wooden_pickaxe":45,"variantvanillablocks:acacia_chest":3,"minecraft:spruce_log":2,"minecraft:oak_log":1,"minecraft:cornflower":1,"minecraft:apple":4,"minecraft:bread":2,"minecraft:map":1,"minecraft:stone_axe":212,"travelersbackpack:standard":6,"minecraft:purple_bed":6,"minecraft:cooked_porkchop":11,"minecraft:bucket":1,"minecraft:black_candle":1,"minecraft:pumpkin_pie":1,"minecraft:coarse_dirt":2,"minecraft:dandelion":1},"minecraft:crafted":{"minecraft:oak_planks":8,"minecraft:stone_shovel":1,"travelersbackpack:crafting_upgrade":1,"minecraft:cooked_chicken":4,"minecraft:furnace":2,"travelersbackpack:blank_upgrade":4,"minecraft:cooked_mutton":13,"variantvanillablocks:spruce_chest":2,"minecraft:glass":36,"variantvanillablocks:acacia_chest":3,"travelersbackpack:white_sleeping_bag":1,"minecraft:iron_axe":1,"minecraft:stone_pickaxe":2,"minecraft:cooked_beef":6,"travelersbackpack:iron_tier_upgrade":1,"minecraft:cooked_porkchop":9,"variantvanillablocks:spruce_crafting_table":2,"minecraft:crafting_table":1,"minecraft:spruce_planks":48,"travelersbackpack:backpack_tank":4,"minecraft:wooden_pickaxe":1,"travelersbackpack:standard":1,"minecraft:bucket":1,"minecraft:stone_axe":3,"minecraft:acacia_boat":1,"minecraft:air":0,"minecraft:iron_chestplate":1,"minecraft:stick":20,"minecraft:iron_ingot":33,"minecraft:iron_pickaxe":1,"minecraft:wooden_axe":1,"minecraft:acacia_planks":32,"minecraft:torch":48},"minecraft:dropped":{"minecraft:iron_sword":1,"minecraft:wheat_seeds":2,"minecraft:feather":5,"minecraft:gray_wool":1,"minecraft:wooden_axe":1,"minecraft:map":2,"minecraft:pumpkin":1,"minecraft:iron_nugget":4,"minecraft:birch_sapling":1,"crittersandcompanions:silk":9,"minecraft:filled_map":1,"minecraft:spruce_trapdoor":2,"minecraft:oak_sapling":2,"minecraft:spider_eye":1,"minecraft:wooden_pickaxe":1,"minecraft:stone_pickaxe":1,"minecraft:black_wool":1},"minecraft:killed":{"minecraft:horse":3,"minecraft:chicken":4,"minecraft:pig":12,"undead_revamp2:the_moonflower":2,"minecraft:sheep":17,"minecraft:cow":42},"minecraft:broken":{"minecraft:stone_axe":1},"minecraft:picked_up":{"minecraft:coarse_dirt":2,"minecraft:iron_chestplate":2,"minecraft:chicken":5,"minecraft:cornflower":1,"variantvanillablocks:spruce_crafting_table":10,"minecraft:blue_orchid":2,"minecraft:beef":78,"minecraft:iron_nugget":4,"minecraft:light_gray_wool":1,"minecraft:spruce_slab":2,"variantvanillablocks:acacia_chest":1,"minecraft:birch_sapling":1,"minecraft:spruce_trapdoor":2,"minecraft:egg":1,"minecraft:furnace":4,"minecraft:stick":4,"minecraft:raw_iron":49,"minecraft:acacia_log":8,"minecraft:torch":8,"minecraft:porkchop":25,"minecraft:cherry_log":19,"minecraft:rotten_flesh":3,"crittersandcompanions:silk":9,"minecraft:hay_block":31,"minecraft:mutton":21,"undead_revamp2:arapholia":2,"minecraft:white_wool":14,"minecraft:cobblestone":80,"minecraft:feather":5,"minecraft:leather":25,"minecraft:oak_log":2,"minecraft:dirt":10,"minecraft:cooked_mutton":5,"minecraft:glass":1,"minecraft:apple":1,"minecraft:stone_bricks":3,"minecraft:wheat_seeds":4,"minecraft:rabbit_hide":3,"minecraft:iron_ingot":2,"minecraft:stripped_oak_wood":1,"minecraft:black_candle":1,"minecraft:pumpkin":1,"minecraft:cooked_porkchop":6,"minecraft:sweet_berries":32,"minecraft:dandelion":1,"minecraft:sand":56,"minecraft:spruce_log":7,"minecraft:spider_eye":1,"minecraft:purple_bed":6,"minecraft:iron_helmet":1,"minecraft:gray_wool":1,"minecraft:baked_potato":3,"minecraft:oak_sapling":2,"minecraft:black_wool":1,"minecraft:coal":163,"minecraft:andesite_slab":1},"minecraft:mined":{"minecraft:candle":1,"minecraft:cherry_log":19,"minecraft:spruce_trapdoor":5,"minecraft:acacia_log":8,"minecraft:grass_block":1,"minecraft:spruce_leaves":3,"minecraft:hay_block":32,"minecraft:furnace":4,"minecraft:iron_ore":35,"minecraft:fire":67,"minecraft:pumpkin":1,"minecraft:deepslate_iron_ore":2,"crittersandcompanions:silk_cocoon":2,"variantvanillablocks:spruce_crafting_table":10,"minecraft:stone":79,"minecraft:spruce_slab":2,"minecraft:torch":3,"minecraft:andesite_slab":1,"minecraft:tall_grass":16,"minecraft:cobblestone":1,"minecraft:wall_torch":4,"minecraft:spruce_stairs":2,"minecraft:purple_bed":6,"minecraft:coarse_dirt":2,"minecraft:sweet_berry_bush":14,"minecraft:spruce_log":8,"minecraft:birch_leaves":4,"minecraft:stripped_oak_wood":1,"variantvanillablocks:acacia_chest":1,"minecraft:grass":26,"minecraft:coal_ore":60,"minecraft:oak_log":4,"minecraft:cherry_leaves":7,"minecraft:sand":37,"minecraft:dirt":9,"minecraft:stone_bricks":3,"minecraft:fern":3,"minecraft:oak_leaves":8},"minecraft:custom":{"minecraft:mob_kills":80,"minecraft:interact_with_crafting_table":32,"minecraft:open_barrel":9,"minecraft:interact_with_campfire":11,"minecraft:eat_cake_slice":1,"minecraft:leave_game":3,"minecraft:time_since_death":104851,"minecraft:climb_one_cm":977,"minecraft:sprint_one_cm":275742,"minecraft:walk_one_cm":221913,"minecraft:drop":28,"minecraft:play_time":104851,"minecraft:sneak_time":827,"minecraft:walk_under_water_one_cm":1494,"minecraft:boat_one_cm":22185,"minecraft:jump":1972,"minecraft:walk_on_water_one_cm":4278,"minecraft:total_world_time":104851,"minecraft:interact_with_furnace":43,"minecraft:sleep_in_bed":8,"minecraft:time_since_rest":5059,"minecraft:damage_taken":706,"minecraft:damage_dealt":7737,"minecraft:fly_one_cm":455541,"minecraft:swim_one_cm":14116,"minecraft:open_chest":49,"minecraft:crouch_one_cm":2221,"minecraft:fall_one_cm":59212,"minecraft:horse_one_cm":231817}},"DataVersion":3465}