{"stats":{"minecraft:killed":{"minecraft:sheep":4,"minecraft:cow":1},"minecraft:crafted":{"variantvanillablocks:spruce_crafting_table":1,"minecraft:spruce_planks":20,"minecraft:stick":20,"minecraft:wooden_pickaxe":1,"minecraft:stone_pickaxe":1,"minecraft:wooden_axe":1,"minecraft:acacia_planks":32},"minecraft:mined":{"minecraft:purple_bed":1,"minecraft:iron_ore":30,"minecraft:sweet_berry_bush":6,"minecraft:spruce_log":8,"minecraft:pumpkin":1,"minecraft:torch":2,"minecraft:acacia_log":8,"minecraft:coal_ore":53,"crittersandcompanions:silk_cocoon":1,"variantvanillablocks:spruce_crafting_table":1,"minecraft:tall_grass":1,"minecraft:spruce_leaves":2,"minecraft:stone":62,"minecraft:wall_torch":3},"minecraft:picked_up":{"minecraft:raw_iron":29,"minecraft:pumpkin":1,"minecraft:sweet_berries":14,"minecraft:torch":5,"minecraft:acacia_log":8,"minecraft:spruce_log":7,"minecraft:cornflower":1,"variantvanillablocks:spruce_crafting_table":1,"minecraft:purple_bed":1,"minecraft:blue_orchid":2,"minecraft:rabbit_hide":3,"crittersandcompanions:silk":4,"minecraft:iron_nugget":3,"minecraft:baked_potato":3,"minecraft:black_wool":1,"minecraft:mutton":5,"minecraft:coal":53,"minecraft:white_wool":3,"minecraft:cobblestone":62},"minecraft:used":{"minecraft:wooden_axe":20,"variantvanillablocks:spruce_crafting_table":1,"minecraft:apple":3,"minecraft:cornflower":1,"minecraft:blue_orchid":2,"minecraft:stone_pickaxe":110,"minecraft:wooden_pickaxe":45,"minecraft:torch":4,"minecraft:pumpkin_pie":1,"minecraft:spruce_log":2},"minecraft:custom":{"minecraft:time_since_rest":4868,"minecraft:sprint_one_cm":55645,"minecraft:damage_taken":10,"minecraft:walk_one_cm":31477,"minecraft:mob_kills":5,"minecraft:damage_dealt":370,"minecraft:interact_with_crafting_table":2,"minecraft:fly_one_cm":75908,"minecraft:open_chest":3,"minecraft:play_time":15096,"minecraft:interact_with_campfire":3,"minecraft:jump":401,"minecraft:walk_on_water_one_cm":1901,"minecraft:time_since_death":15096,"minecraft:sleep_in_bed":1,"minecraft:climb_one_cm":379,"minecraft:total_world_time":15096,"minecraft:fall_one_cm":10597}},"DataVersion":3465}