{"stats":{"minecraft:used":{"minecraft:stone_shovel":36,"minecraft:spruce_slab":2,"minecraft:stone_hoe":9,"minecraft:torch":24,"minecraft:dirt":10,"minecraft:carrot":6,"minecraft:obsidian":13,"variantvanillablocks:spruce_crafting_table":11,"minecraft:wooden_axe":56,"minecraft:blue_orchid":2,"minecraft:furnace":6,"undead_revamp2:arapholia":2,"minecraft:cherry_log":2,"minecraft:water_bucket":1,"minecraft:acacia_boat":1,"minecraft:stone_pickaxe":381,"minecraft:baked_potato":1,"minecraft:oak_planks":4,"minecraft:wooden_pickaxe":45,"variantvanillablocks:acacia_chest":3,"minecraft:spruce_log":2,"minecraft:oak_log":1,"minecraft:apple":4,"minecraft:cornflower":1,"minecraft:bread":2,"minecraft:map":1,"minecraft:stone_axe":219,"minecraft:cobblestone":88,"travelersbackpack:standard":7,"minecraft:purple_bed":6,"minecraft:cooked_porkchop":14,"minecraft:bucket":1,"minecraft:pumpkin_pie":1,"minecraft:black_candle":1,"minecraft:dandelion":1,"minecraft:coarse_dirt":2},"minecraft:crafted":{"minecraft:oak_planks":8,"minecraft:stone_shovel":1,"travelersbackpack:crafting_upgrade":1,"minecraft:cooked_chicken":4,"minecraft:furnace":2,"travelersbackpack:blank_upgrade":4,"minecraft:cooked_mutton":13,"variantvanillablocks:spruce_chest":2,"minecraft:glass":36,"variantvanillablocks:acacia_chest":3,"travelersbackpack:white_sleeping_bag":1,"minecraft:iron_axe":1,"minecraft:stone_pickaxe":5,"minecraft:stone_hoe":1,"minecraft:wheat":279,"minecraft:cooked_beef":6,"travelersbackpack:iron_tier_upgrade":1,"minecraft:emerald":1,"minecraft:cooked_porkchop":9,"variantvanillablocks:spruce_crafting_table":2,"minecraft:crafting_table":1,"minecraft:spruce_planks":48,"travelersbackpack:backpack_tank":4,"minecraft:wooden_pickaxe":1,"travelersbackpack:standard":1,"minecraft:bucket":1,"minecraft:stone_axe":3,"minecraft:bread":36,"minecraft:acacia_boat":1,"minecraft:air":0,"minecraft:iron_chestplate":1,"minecraft:stick":36,"minecraft:iron_ingot":33,"minecraft:iron_pickaxe":1,"minecraft:wooden_axe":1,"minecraft:stone_sword":1,"minecraft:acacia_planks":32,"minecraft:torch":48},"minecraft:dropped":{"minecraft:iron_sword":1,"minecraft:wheat_seeds":2,"minecraft:feather":5,"minecraft:gray_wool":1,"minecraft:wooden_axe":1,"minecraft:map":2,"minecraft:pumpkin":1,"minecraft:iron_nugget":4,"minecraft:birch_sapling":1,"crittersandcompanions:silk":9,"minecraft:filled_map":1,"minecraft:spruce_trapdoor":2,"minecraft:oak_sapling":2,"minecraft:spider_eye":1,"minecraft:wooden_pickaxe":1,"minecraft:stone_pickaxe":1,"minecraft:black_wool":1},"minecraft:killed_by":{"undead_revamp2:thehunter":1},"minecraft:killed":{"minecraft:horse":3,"minecraft:chicken":4,"minecraft:pig":12,"undead_revamp2:the_moonflower":2,"minecraft:sheep":17,"minecraft:cow":42},"minecraft:broken":{"minecraft:stone_pickaxe":1,"minecraft:stone_axe":1},"minecraft:picked_up":{"minecraft:iron_chestplate":2,"minecraft:coarse_dirt":2,"minecraft:wheat":215,"minecraft:chicken":5,"minecraft:cornflower":1,"variantvanillablocks:spruce_crafting_table":10,"minecraft:blue_orchid":2,"minecraft:beef":78,"minecraft:iron_pickaxe":1,"minecraft:iron_nugget":4,"minecraft:spruce_slab":2,"variantvanillablocks:acacia_chest":1,"minecraft:light_gray_wool":1,"minecraft:birch_sapling":1,"minecraft:spruce_trapdoor":2,"minecraft:egg":1,"minecraft:furnace":4,"minecraft:stick":4,"minecraft:raw_iron":49,"minecraft:acacia_log":8,"minecraft:torch":42,"minecraft:porkchop":25,"minecraft:cherry_log":19,"minecraft:stone_sword":1,"minecraft:rotten_flesh":3,"crittersandcompanions:silk":9,"minecraft:hay_block":31,"minecraft:mutton":21,"undead_revamp2:arapholia":2,"minecraft:white_wool":14,"minecraft:cobblestone":296,"minecraft:leather_chestplate":1,"minecraft:feather":5,"minecraft:leather":25,"minecraft:oak_log":2,"minecraft:dirt":11,"minecraft:cooked_mutton":5,"minecraft:glass":1,"minecraft:apple":1,"minecraft:stone_bricks":3,"minecraft:wheat_seeds":4,"minecraft:rabbit_hide":3,"minecraft:stone_pickaxe":1,"minecraft:iron_ingot":2,"minecraft:cooked_chicken":4,"minecraft:stripped_oak_wood":1,"minecraft:black_candle":1,"minecraft:cooked_porkchop":6,"minecraft:pumpkin":1,"minecraft:sweet_berries":32,"minecraft:dandelion":1,"minecraft:sand":56,"minecraft:spruce_log":7,"minecraft:spider_eye":1,"minecraft:purple_bed":6,"minecraft:stone_axe":1,"minecraft:iron_helmet":1,"minecraft:gray_wool":1,"minecraft:bread":31,"minecraft:baked_potato":4,"minecraft:oak_sapling":2,"minecraft:andesite_slab":1,"minecraft:black_wool":1,"minecraft:coal":163},"minecraft:mined":{"minecraft:candle":1,"minecraft:cherry_log":19,"minecraft:spruce_trapdoor":5,"minecraft:acacia_log":8,"minecraft:grass_block":1,"minecraft:spruce_leaves":3,"minecraft:hay_block":32,"minecraft:furnace":4,"minecraft:iron_ore":35,"minecraft:fire":67,"minecraft:pumpkin":1,"minecraft:deepslate_iron_ore":2,"crittersandcompanions:silk_cocoon":2,"variantvanillablocks:spruce_crafting_table":10,"minecraft:stone":289,"minecraft:spruce_slab":2,"minecraft:torch":3,"minecraft:andesite_slab":1,"minecraft:tall_grass":16,"minecraft:cobblestone":9,"minecraft:wall_torch":4,"minecraft:spruce_stairs":2,"minecraft:purple_bed":6,"minecraft:coarse_dirt":2,"minecraft:sweet_berry_bush":14,"minecraft:spruce_log":8,"minecraft:birch_leaves":4,"minecraft:stripped_oak_wood":1,"variantvanillablocks:acacia_chest":1,"minecraft:grass":26,"minecraft:oak_log":4,"minecraft:coal_ore":60,"minecraft:cherry_leaves":7,"minecraft:sand":37,"minecraft:dirt":10,"minecraft:stone_bricks":3,"minecraft:oak_leaves":8,"minecraft:fern":3},"minecraft:custom":{"minecraft:mob_kills":80,"minecraft:interact_with_crafting_table":36,"minecraft:open_barrel":9,"minecraft:interact_with_campfire":11,"minecraft:eat_cake_slice":1,"minecraft:leave_game":4,"minecraft:time_since_death":215,"minecraft:climb_one_cm":977,"minecraft:sprint_one_cm":301614,"minecraft:walk_one_cm":271064,"minecraft:drop":28,"minecraft:talked_to_villager":7,"minecraft:play_time":124550,"minecraft:deaths":1,"minecraft:sneak_time":2977,"minecraft:walk_under_water_one_cm":1494,"minecraft:boat_one_cm":22185,"minecraft:jump":2121,"minecraft:walk_on_water_one_cm":4305,"minecraft:total_world_time":124550,"minecraft:interact_with_furnace":43,"minecraft:traded_with_villager":7,"minecraft:sleep_in_bed":9,"minecraft:time_since_rest":788,"minecraft:damage_taken":1150,"minecraft:damage_dealt":8030,"minecraft:swim_one_cm":14116,"minecraft:fly_one_cm":466701,"minecraft:open_chest":64,"minecraft:crouch_one_cm":7881,"minecraft:fall_one_cm":61312,"minecraft:horse_one_cm":231817}},"DataVersion":3465}