{"stats":{"minecraft:killed_by":{"minecraft:zombie_villager":1,"undead_revamp2:thehunter":1,"minecraft:zombie":9},"minecraft:dropped":{"minecraft:iron_sword":1,"minecraft:wheat_seeds":6,"minecraft:feather":5,"minecraft:gray_wool":1,"minecraft:wooden_axe":1,"minecraft:map":2,"minecraft:pumpkin":1,"minecraft:iron_nugget":4,"minecraft:birch_sapling":1,"minecraft:rotten_flesh":4,"crittersandcompanions:silk":9,"minecraft:filled_map":1,"minecraft:gunpowder":1,"minecraft:spruce_trapdoor":2,"minecraft:oak_sapling":2,"minecraft:spider_eye":2,"minecraft:wooden_pickaxe":1,"minecraft:stone_pickaxe":1,"minecraft:black_wool":1},"minecraft:mined":{"minecraft:red_carpet":2,"minecraft:mossy_cobblestone":2,"minecraft:candle":1,"minecraft:cherry_log":19,"minecraft:spruce_trapdoor":5,"minecraft:acacia_log":8,"minecraft:grass_block":5,"minecraft:oak_pressure_plate":1,"travelersbackpack:white_sleeping_bag":3,"minecraft:spruce_leaves":3,"minecraft:hay_block":61,"minecraft:furnace":7,"minecraft:carrots":1,"minecraft:iron_ore":41,"minecraft:fire":67,"minecraft:pumpkin":1,"minecraft:deepslate_iron_ore":2,"minecraft:oak_stairs":1,"crittersandcompanions:silk_cocoon":2,"variantvanillablocks:spruce_crafting_table":10,"minecraft:stripped_oak_log":1,"minecraft:stone":291,"minecraft:spruce_slab":2,"minecraft:oak_slab":5,"travelersbackpack:standard":7,"minecraft:oak_fence":2,"minecraft:crafting_table":2,"minecraft:torch":3,"minecraft:andesite_slab":1,"minecraft:tall_grass":26,"minecraft:cobblestone":10,"minecraft:oak_planks":28,"minecraft:wall_torch":6,"minecraft:spruce_stairs":2,"minecraft:purple_bed":6,"minecraft:coarse_dirt":2,"minecraft:sweet_berry_bush":14,"minecraft:spruce_log":8,"minecraft:birch_leaves":4,"minecraft:stripped_oak_wood":2,"variantvanillablocks:acacia_chest":1,"minecraft:grass":35,"minecraft:oak_log":14,"minecraft:coal_ore":60,"minecraft:cherry_leaves":7,"minecraft:sand":37,"minecraft:dirt":14,"minecraft:stone_bricks":3,"minecraft:oak_leaves":25,"minecraft:fern":4},"minecraft:used":{"minecraft:oak_fence":1,"minecraft:stone_sword":65,"minecraft:spruce_slab":2,"minecraft:stone_shovel":36,"minecraft:stone_hoe":11,"minecraft:cooked_chicken":4,"minecraft:torch":25,"minecraft:dirt":12,"minecraft:carrot":6,"minecraft:milk_bucket":1,"minecraft:obsidian":13,"variantvanillablocks:spruce_crafting_table":11,"minecraft:wooden_axe":56,"minecraft:lava_bucket":1,"minecraft:oak_stairs":1,"minecraft:blue_orchid":2,"undead_revamp2:huntereye":3,"minecraft:furnace":8,"undead_revamp2:arapholia":2,"minecraft:cooked_beef":12,"minecraft:cherry_log":2,"minecraft:acacia_boat":1,"minecraft:water_bucket":1,"minecraft:stone_pickaxe":396,"minecraft:baked_potato":1,"minecraft:oak_planks":29,"minecraft:leather_chestplate":1,"minecraft:wooden_pickaxe":45,"minecraft:mossy_cobblestone":2,"minecraft:oak_slab":13,"minecraft:crafting_table":2,"variantvanillablocks:acacia_chest":3,"minecraft:spruce_log":2,"minecraft:oak_log":1,"minecraft:apple":4,"minecraft:cornflower":1,"minecraft:bread":3,"minecraft:map":1,"minecraft:oak_pressure_plate":1,"minecraft:stone_axe":314,"minecraft:purple_bed":6,"minecraft:cobblestone":90,"travelersbackpack:standard":17,"minecraft:cooked_porkchop":14,"minecraft:bucket":2,"minecraft:pumpkin_pie":1,"minecraft:black_candle":1,"minecraft:stripped_oak_log":1,"minecraft:dandelion":1,"minecraft:coarse_dirt":2},"minecraft:crafted":{"minecraft:cookie":18,"minecraft:oak_planks":40,"minecraft:stone_shovel":1,"minecraft:leather_leggings":1,"minecraft:leather_boots":1,"travelersbackpack:crafting_upgrade":1,"minecraft:cooked_chicken":4,"minecraft:furnace":2,"travelersbackpack:blank_upgrade":4,"minecraft:cooked_mutton":13,"variantvanillablocks:spruce_chest":2,"minecraft:glass":36,"variantvanillablocks:acacia_chest":3,"travelersbackpack:white_sleeping_bag":1,"minecraft:iron_axe":1,"minecraft:stone_pickaxe":5,"minecraft:stone_hoe":1,"minecraft:wheat":387,"minecraft:cooked_beef":61,"minecraft:oak_slab":12,"travelersbackpack:iron_tier_upgrade":1,"minecraft:emerald":17,"minecraft:cooked_porkchop":17,"variantvanillablocks:spruce_crafting_table":2,"minecraft:crafting_table":2,"minecraft:spruce_planks":48,"travelersbackpack:backpack_tank":4,"minecraft:wooden_pickaxe":1,"travelersbackpack:standard":1,"minecraft:bucket":1,"minecraft:stone_axe":3,"minecraft:bread":36,"minecraft:acacia_boat":1,"minecraft:air":0,"minecraft:apple":48,"minecraft:iron_chestplate":1,"minecraft:stick":36,"minecraft:iron_ingot":33,"minecraft:iron_pickaxe":1,"minecraft:wooden_axe":1,"minecraft:stone_sword":1,"minecraft:acacia_planks":32,"minecraft:torch":48},"minecraft:killed":{"undead_revamp2:thehunter":4,"minecraft:spider":2,"minecraft:skeleton":2,"minecraft:horse":3,"minecraft:chicken":7,"minecraft:pig":16,"minecraft:zombie_villager":1,"undead_revamp2:the_moonflower":2,"minecraft:creeper":1,"minecraft:sheep":22,"minecraft:zombie":5,"minecraft:cow":50},"minecraft:custom":{"minecraft:mob_kills":115,"minecraft:interact_with_crafting_table":40,"minecraft:open_barrel":15,"minecraft:interact_with_campfire":11,"minecraft:damage_dealt_resisted":70,"minecraft:eat_cake_slice":1,"minecraft:leave_game":5,"minecraft:time_since_death":10844,"minecraft:climb_one_cm":3409,"minecraft:sprint_one_cm":419816,"minecraft:walk_one_cm":386668,"minecraft:drop":38,"minecraft:talked_to_villager":13,"minecraft:play_time":174419,"minecraft:deaths":12,"minecraft:sneak_time":8213,"minecraft:walk_under_water_one_cm":1494,"minecraft:boat_one_cm":22185,"minecraft:jump":2944,"minecraft:walk_on_water_one_cm":4386,"minecraft:total_world_time":174419,"minecraft:interact_with_furnace":63,"minecraft:traded_with_villager":36,"minecraft:sleep_in_bed":13,"minecraft:time_since_rest":3282,"minecraft:damage_taken":5359,"minecraft:damage_dealt":12301,"minecraft:swim_one_cm":14116,"minecraft:fly_one_cm":671783,"minecraft:open_chest":94,"minecraft:crouch_one_cm":20925,"minecraft:fall_one_cm":94381,"minecraft:horse_one_cm":231817},"minecraft:broken":{"minecraft:stone_pickaxe":1,"minecraft:stone_axe":2},"minecraft:picked_up":{"minecraft:crafting_table":2,"minecraft:iron_chestplate":3,"minecraft:coarse_dirt":2,"minecraft:wheat":282,"minecraft:chicken":9,"minecraft:leather_leggings":1,"minecraft:oak_stairs":1,"minecraft:cornflower":1,"variantvanillablocks:spruce_crafting_table":10,"minecraft:blue_orchid":2,"minecraft:beef":147,"minecraft:light_gray_wool":1,"minecraft:iron_nugget":4,"variantvanillablocks:acacia_chest":1,"minecraft:iron_pickaxe":1,"minecraft:spruce_slab":2,"minecraft:birch_sapling":1,"minecraft:spruce_trapdoor":2,"minecraft:furnace":7,"minecraft:egg":7,"minecraft:stick":4,"minecraft:raw_iron":61,"minecraft:oak_fence":2,"minecraft:torch":46,"minecraft:acacia_log":8,"minecraft:porkchop":43,"minecraft:cherry_log":19,"minecraft:cookie":18,"minecraft:arrow":22,"minecraft:stone_sword":4,"minecraft:rotten_flesh":12,"minecraft:hay_block":59,"crittersandcompanions:silk":9,"minecraft:gold_ingot":2,"minecraft:mutton":32,"undead_revamp2:arapholia":2,"minecraft:cobblestone":299,"minecraft:white_wool":18,"minecraft:stripped_oak_log":1,"minecraft:leather_chestplate":4,"minecraft:feather":9,"minecraft:cooked_beef":41,"minecraft:leather":29,"minecraft:oak_log":11,"undead_revamp2:huntereye":3,"minecraft:gunpowder":1,"minecraft:dirt":13,"minecraft:leather_boots":1,"minecraft:cooked_mutton":5,"minecraft:red_carpet":2,"minecraft:glass":1,"minecraft:apple":1,"minecraft:stone_bricks":3,"minecraft:bow":3,"minecraft:wheat_seeds":8,"minecraft:rabbit_hide":3,"minecraft:stone_pickaxe":4,"minecraft:iron_ingot":12,"minecraft:cooked_chicken":4,"minecraft:stripped_oak_wood":1,"minecraft:rabbit":7,"minecraft:stone_hoe":2,"minecraft:oak_planks":44,"minecraft:oak_slab":4,"minecraft:black_candle":1,"minecraft:cooked_porkchop":14,"minecraft:pumpkin":1,"minecraft:sweet_berries":32,"minecraft:dandelion":1,"minecraft:oak_pressure_plate":1,"minecraft:lava_bucket":1,"minecraft:sand":56,"minecraft:spruce_log":7,"minecraft:spider_eye":2,"minecraft:mossy_cobblestone":2,"travelersbackpack:standard":7,"minecraft:purple_bed":6,"minecraft:stone_axe":6,"minecraft:iron_helmet":2,"minecraft:gray_wool":1,"minecraft:bread":38,"minecraft:baked_potato":4,"minecraft:oak_sapling":2,"minecraft:black_wool":2,"minecraft:coal":223,"minecraft:andesite_slab":1}},"DataVersion":3465}