{
  "variantvanillablocks:recipes/decorations/barrel": {
    "criteria": {
      "has_the_recipe": "2024-07-31 03:05:57 +0000"
    },
    "done": true
  },
  "takesapillage:root": {
    "criteria": {
      "always": "2024-07-31 03:04:18 +0000"
    },
    "done": true
  },
  "undead_revamp2:theundeadchallenges": {
    "criteria": {
      "theundeadchallenges": "2024-07-31 03:04:18 +0000"
    },
    "done": true
  },
  "variantvanillablocks:recipes/misc/crafting_table": {
    "criteria": {
      "has_the_recipe": "2024-07-31 03:04:18 +0000"
    },
    "done": true
  },
  "minecraft:recipes/decorations/composter": {
    "criteria": {
      "has_spruce_slab": "2024-07-31 03:05:57 +0000"
    },
    "done": true
  },
  "minecraft:recipes/decorations/crafting_table": {
    "criteria": {
      "unlock_right_away": "2024-07-31 03:04:18 +0000"
    },
    "done": true
  },
  "variantvanillablocks:recipes/decorations/composter": {
    "criteria": {
      "has_the_recipe": "2024-07-31 03:05:57 +0000"
    },
    "done": true
  },
  "minecraft:adventure/adventuring_time": {
    "criteria": {
      "minecraft:snowy_slopes": "2024-07-31 03:07:16 +0000",
      "minecraft:beach": "2024-07-31 03:04:44 +0000",
      "minecraft:jagged_peaks": "2024-07-31 03:07:37 +0000",
      "minecraft:forest": "2024-07-31 03:04:19 +0000",
      "minecraft:old_growth_birch_forest": "2024-07-31 03:05:03 +0000",
      "minecraft:plains": "2024-07-31 03:04:33 +0000"
    },
    "done": false
  },
  "minecraft:recipes/decorations/barrel": {
    "criteria": {
      "has_spruce_planks": "2024-07-31 03:05:57 +0000",
      "has_spruce_slab": "2024-07-31 03:05:57 +0000"
    },
    "done": true
  },
  "DataVersion": 3465
}